CourseID,YearMonth,monthly_enrollments,monthly_revenue,avg_trans_amount,YearMonth_str,Month_num,past_enrollment_lag1,past_revenue_lag1,past_enrollment_roll3,past_revenue_roll3,past_cum_enrollments,past_cum_revenue,past_revenue_per_enrollment,CourseName,CourseCategory,CourseType,CourseLevel,CoursePrice,CourseDuration,CourseRating,PrimaryTeacherID,PrimaryTeacherName,PrimaryTeacherExpertise,PrimaryTeacherExperience,PrimaryTeacherRating,avg_instructor_exp,avg_instructor_rating
CR00001,2025-01,18,8501.039999999999,472.28,2025-01,1,13.818181818181818,6526.050909090909,13.818181818181818,6526.050909090909,0.0,0.0,0.0,Python Basics,Programming,Paid,Beginner,472.28,11.0,4.74,TC00042,Yolanda Levine,Machine Learning,21,4.97,16.682926829268293,4.191646341463414
CR00001,2025-02,11,5195.08,472.28,2025-02,2,18.0,8501.039999999999,18.0,8501.039999999999,18.0,8501.039999999999,472.28,Python Basics,Programming,Paid,Beginner,472.28,11.0,4.74,TC00042,Yolanda Levine,Machine Learning,21,4.97,16.682926829268293,4.191646341463414
CR00001,2025-03,8,3778.24,472.28,2025-03,3,11.0,5195.08,14.5,6848.0599999999995,29.0,13696.119999999999,472.28,Python Basics,Programming,Paid,Beginner,472.28,11.0,4.74,TC00042,Yolanda Levine,Machine Learning,21,4.97,16.682926829268293,4.191646341463414
CR00001,2025-04,14,6611.92,472.28000000000003,2025-04,4,8.0,3778.24,12.333333333333334,5824.786666666667,37.0,17474.36,472.28000000000003,Python Basics,Programming,Paid,Beginner,472.28,11.0,4.74,TC00042,Yolanda Levine,Machine Learning,21,4.97,16.682926829268293,4.191646341463414
CR00001,2025-05,17,8028.759999999999,472.28,2025-05,5,14.0,6611.92,11.0,5195.08,51.0,24086.28,472.28,Python Basics,Programming,Paid,Beginner,472.28,11.0,4.74,TC00042,Yolanda Levine,Machine Learning,21,4.97,16.682926829268293,4.191646341463414
CR00001,2025-06,11,5195.08,472.28,2025-06,6,17.0,8028.759999999999,13.0,6139.639999999999,68.0,32115.039999999997,472.28,Python Basics,Programming,Paid,Beginner,472.28,11.0,4.74,TC00042,Yolanda Levine,Machine Learning,21,4.97,16.682926829268293,4.191646341463414
CR00001,2025-07,12,5667.36,472.28,2025-07,7,11.0,5195.08,14.0,6611.919999999999,79.0,37310.119999999995,472.2799999999999,Python Basics,Programming,Paid,Beginner,472.28,11.0,4.74,TC00042,Yolanda Levine,Machine Learning,21,4.97,16.682926829268293,4.191646341463414
CR00001,2025-08,12,5667.36,472.28,2025-08,8,12.0,5667.36,13.333333333333334,6297.066666666666,91.0,42977.479999999996,472.28,Python Basics,Programming,Paid,Beginner,472.28,11.0,4.74,TC00042,Yolanda Levine,Machine Learning,21,4.97,16.682926829268293,4.191646341463414
CR00001,2025-09,23,10862.439999999999,472.2799999999999,2025-09,9,12.0,5667.36,11.666666666666666,5509.933333333333,103.0,48644.84,472.28,Python Basics,Programming,Paid,Beginner,472.28,11.0,4.74,TC00042,Yolanda Levine,Machine Learning,21,4.97,16.682926829268293,4.191646341463414
CR00001,2025-10,13,6139.639999999999,472.28,2025-10,10,23.0,10862.439999999999,15.666666666666666,7399.053333333332,126.0,59507.28,472.28,Python Basics,Programming,Paid,Beginner,472.28,11.0,4.74,TC00042,Yolanda Levine,Machine Learning,21,4.97,16.682926829268293,4.191646341463414
CR00001,2025-11,13,6139.639999999999,472.28,2025-11,11,13.0,6139.639999999999,16.0,7556.479999999999,139.0,65646.92,472.28,Python Basics,Programming,Paid,Beginner,472.28,11.0,4.74,TC00042,Yolanda Levine,Machine Learning,21,4.97,16.682926829268293,4.191646341463414
CR00001,2025-12,12,5667.36,472.28,2025-12,12,13.0,6139.639999999999,16.333333333333332,7713.906666666666,152.0,71786.56,472.28,Python Basics,Programming,Paid,Beginner,472.28,11.0,4.74,TC00042,Yolanda Levine,Machine Learning,21,4.97,16.682926829268293,4.191646341463414
CR00002,2025-01,11,0.0,0.0,2025-01,1,12.363636363636363,0.0,12.363636363636363,0.0,0.0,0.0,0.0,Java Programming,Programming,Free,Intermediate,0.0,37.7,2.43,TC00042,Yolanda Levine,Machine Learning,21,4.97,17.013422818791945,4.2114093959731544
CR00002,2025-02,10,0.0,0.0,2025-02,2,11.0,0.0,11.0,0.0,11.0,0.0,0.0,Java Programming,Programming,Free,Intermediate,0.0,37.7,2.43,TC00042,Yolanda Levine,Machine Learning,21,4.97,17.013422818791945,4.2114093959731544
CR00002,2025-03,15,0.0,0.0,2025-03,3,10.0,0.0,10.5,0.0,21.0,0.0,0.0,Java Programming,Programming,Free,Intermediate,0.0,37.7,2.43,TC00042,Yolanda Levine,Machine Learning,21,4.97,17.013422818791945,4.2114093959731544
CR00002,2025-04,20,0.0,0.0,2025-04,4,15.0,0.0,12.0,0.0,36.0,0.0,0.0,Java Programming,Programming,Free,Intermediate,0.0,37.7,2.43,TC00042,Yolanda Levine,Machine Learning,21,4.97,17.013422818791945,4.2114093959731544
CR00002,2025-05,17,0.0,0.0,2025-05,5,20.0,0.0,15.0,0.0,56.0,0.0,0.0,Java Programming,Programming,Free,Intermediate,0.0,37.7,2.43,TC00042,Yolanda Levine,Machine Learning,21,4.97,17.013422818791945,4.2114093959731544
CR00002,2025-06,12,0.0,0.0,2025-06,6,17.0,0.0,17.333333333333332,0.0,73.0,0.0,0.0,Java Programming,Programming,Free,Intermediate,0.0,37.7,2.43,TC00042,Yolanda Levine,Machine Learning,21,4.97,17.013422818791945,4.2114093959731544
CR00002,2025-07,9,0.0,0.0,2025-07,7,12.0,0.0,16.333333333333332,0.0,85.0,0.0,0.0,Java Programming,Programming,Free,Intermediate,0.0,37.7,2.43,TC00042,Yolanda Levine,Machine Learning,21,4.97,17.013422818791945,4.2114093959731544
CR00002,2025-08,17,0.0,0.0,2025-08,8,9.0,0.0,12.666666666666666,0.0,94.0,0.0,0.0,Java Programming,Programming,Free,Intermediate,0.0,37.7,2.43,TC00042,Yolanda Levine,Machine Learning,21,4.97,17.013422818791945,4.2114093959731544
CR00002,2025-09,5,0.0,0.0,2025-09,9,17.0,0.0,12.666666666666666,0.0,111.0,0.0,0.0,Java Programming,Programming,Free,Intermediate,0.0,37.7,2.43,TC00042,Yolanda Levine,Machine Learning,21,4.97,17.013422818791945,4.2114093959731544
CR00002,2025-10,9,0.0,0.0,2025-10,10,5.0,0.0,10.333333333333334,0.0,116.0,0.0,0.0,Java Programming,Programming,Free,Intermediate,0.0,37.7,2.43,TC00042,Yolanda Levine,Machine Learning,21,4.97,17.013422818791945,4.2114093959731544
CR00002,2025-11,11,0.0,0.0,2025-11,11,9.0,0.0,10.333333333333334,0.0,125.0,0.0,0.0,Java Programming,Programming,Free,Intermediate,0.0,37.7,2.43,TC00042,Yolanda Levine,Machine Learning,21,4.97,17.013422818791945,4.2114093959731544
CR00002,2025-12,13,0.0,0.0,2025-12,12,11.0,0.0,8.333333333333334,0.0,136.0,0.0,0.0,Java Programming,Programming,Free,Intermediate,0.0,37.7,2.43,TC00042,Yolanda Levine,Machine Learning,21,4.97,17.013422818791945,4.2114093959731544
CR00003,2025-01,12,0.0,0.0,2025-01,1,14.545454545454545,0.0,14.545454545454545,0.0,0.0,0.0,0.0,C++ for Beginners,Programming,Free,Beginner,0.0,19.53,3.85,TC00040,Kimberly Miller,Cybersecurity,24,4.58,16.589595375722542,4.079017341040462
CR00003,2025-02,10,0.0,0.0,2025-02,2,12.0,0.0,12.0,0.0,12.0,0.0,0.0,C++ for Beginners,Programming,Free,Beginner,0.0,19.53,3.85,TC00040,Kimberly Miller,Cybersecurity,24,4.58,16.589595375722542,4.079017341040462
CR00003,2025-03,10,0.0,0.0,2025-03,3,10.0,0.0,11.0,0.0,22.0,0.0,0.0,C++ for Beginners,Programming,Free,Beginner,0.0,19.53,3.85,TC00040,Kimberly Miller,Cybersecurity,24,4.58,16.589595375722542,4.079017341040462
CR00003,2025-04,14,0.0,0.0,2025-04,4,10.0,0.0,10.666666666666666,0.0,32.0,0.0,0.0,C++ for Beginners,Programming,Free,Beginner,0.0,19.53,3.85,TC00040,Kimberly Miller,Cybersecurity,24,4.58,16.589595375722542,4.079017341040462
CR00003,2025-05,13,0.0,0.0,2025-05,5,14.0,0.0,11.333333333333334,0.0,46.0,0.0,0.0,C++ for Beginners,Programming,Free,Beginner,0.0,19.53,3.85,TC00040,Kimberly Miller,Cybersecurity,24,4.58,16.589595375722542,4.079017341040462
CR00003,2025-06,16,0.0,0.0,2025-06,6,13.0,0.0,12.333333333333334,0.0,59.0,0.0,0.0,C++ for Beginners,Programming,Free,Beginner,0.0,19.53,3.85,TC00040,Kimberly Miller,Cybersecurity,24,4.58,16.589595375722542,4.079017341040462
CR00003,2025-07,17,0.0,0.0,2025-07,7,16.0,0.0,14.333333333333334,0.0,75.0,0.0,0.0,C++ for Beginners,Programming,Free,Beginner,0.0,19.53,3.85,TC00040,Kimberly Miller,Cybersecurity,24,4.58,16.589595375722542,4.079017341040462
CR00003,2025-08,16,0.0,0.0,2025-08,8,17.0,0.0,15.333333333333334,0.0,92.0,0.0,0.0,C++ for Beginners,Programming,Free,Beginner,0.0,19.53,3.85,TC00040,Kimberly Miller,Cybersecurity,24,4.58,16.589595375722542,4.079017341040462
CR00003,2025-09,14,0.0,0.0,2025-09,9,16.0,0.0,16.333333333333332,0.0,108.0,0.0,0.0,C++ for Beginners,Programming,Free,Beginner,0.0,19.53,3.85,TC00040,Kimberly Miller,Cybersecurity,24,4.58,16.589595375722542,4.079017341040462
CR00003,2025-10,15,0.0,0.0,2025-10,10,14.0,0.0,15.666666666666666,0.0,122.0,0.0,0.0,C++ for Beginners,Programming,Free,Beginner,0.0,19.53,3.85,TC00040,Kimberly Miller,Cybersecurity,24,4.58,16.589595375722542,4.079017341040462
CR00003,2025-11,23,0.0,0.0,2025-11,11,15.0,0.0,15.0,0.0,137.0,0.0,0.0,C++ for Beginners,Programming,Free,Beginner,0.0,19.53,3.85,TC00040,Kimberly Miller,Cybersecurity,24,4.58,16.589595375722542,4.079017341040462
CR00003,2025-12,13,0.0,0.0,2025-12,12,23.0,0.0,17.333333333333332,0.0,160.0,0.0,0.0,C++ for Beginners,Programming,Free,Beginner,0.0,19.53,3.85,TC00040,Kimberly Miller,Cybersecurity,24,4.58,16.589595375722542,4.079017341040462
CR00004,2025-01,20,0.0,0.0,2025-01,1,13.090909090909092,0.0,13.090909090909092,0.0,0.0,0.0,0.0,Advanced Python,Programming,Free,Beginner,0.0,45.13,2.88,TC00040,Kimberly Miller,Cybersecurity,24,4.58,15.896103896103897,4.097987012987013
CR00004,2025-02,12,0.0,0.0,2025-02,2,20.0,0.0,20.0,0.0,20.0,0.0,0.0,Advanced Python,Programming,Free,Beginner,0.0,45.13,2.88,TC00040,Kimberly Miller,Cybersecurity,24,4.58,15.896103896103897,4.097987012987013
CR00004,2025-03,10,0.0,0.0,2025-03,3,12.0,0.0,16.0,0.0,32.0,0.0,0.0,Advanced Python,Programming,Free,Beginner,0.0,45.13,2.88,TC00040,Kimberly Miller,Cybersecurity,24,4.58,15.896103896103897,4.097987012987013
CR00004,2025-04,7,0.0,0.0,2025-04,4,10.0,0.0,14.0,0.0,42.0,0.0,0.0,Advanced Python,Programming,Free,Beginner,0.0,45.13,2.88,TC00040,Kimberly Miller,Cybersecurity,24,4.58,15.896103896103897,4.097987012987013
CR00004,2025-05,11,0.0,0.0,2025-05,5,7.0,0.0,9.666666666666666,0.0,49.0,0.0,0.0,Advanced Python,Programming,Free,Beginner,0.0,45.13,2.88,TC00040,Kimberly Miller,Cybersecurity,24,4.58,15.896103896103897,4.097987012987013
CR00004,2025-06,11,0.0,0.0,2025-06,6,11.0,0.0,9.333333333333334,0.0,60.0,0.0,0.0,Advanced Python,Programming,Free,Beginner,0.0,45.13,2.88,TC00040,Kimberly Miller,Cybersecurity,24,4.58,15.896103896103897,4.097987012987013
CR00004,2025-07,21,0.0,0.0,2025-07,7,11.0,0.0,9.666666666666666,0.0,71.0,0.0,0.0,Advanced Python,Programming,Free,Beginner,0.0,45.13,2.88,TC00040,Kimberly Miller,Cybersecurity,24,4.58,15.896103896103897,4.097987012987013
CR00004,2025-08,9,0.0,0.0,2025-08,8,21.0,0.0,14.333333333333334,0.0,92.0,0.0,0.0,Advanced Python,Programming,Free,Beginner,0.0,45.13,2.88,TC00040,Kimberly Miller,Cybersecurity,24,4.58,15.896103896103897,4.097987012987013
CR00004,2025-09,15,0.0,0.0,2025-09,9,9.0,0.0,13.666666666666666,0.0,101.0,0.0,0.0,Advanced Python,Programming,Free,Beginner,0.0,45.13,2.88,TC00040,Kimberly Miller,Cybersecurity,24,4.58,15.896103896103897,4.097987012987013
CR00004,2025-10,13,0.0,0.0,2025-10,10,15.0,0.0,15.0,0.0,116.0,0.0,0.0,Advanced Python,Programming,Free,Beginner,0.0,45.13,2.88,TC00040,Kimberly Miller,Cybersecurity,24,4.58,15.896103896103897,4.097987012987013
CR00004,2025-11,15,0.0,0.0,2025-11,11,13.0,0.0,12.333333333333334,0.0,129.0,0.0,0.0,Advanced Python,Programming,Free,Beginner,0.0,45.13,2.88,TC00040,Kimberly Miller,Cybersecurity,24,4.58,15.896103896103897,4.097987012987013
CR00004,2025-12,10,0.0,0.0,2025-12,12,15.0,0.0,14.333333333333334,0.0,144.0,0.0,0.0,Advanced Python,Programming,Free,Beginner,0.0,45.13,2.88,TC00040,Kimberly Miller,Cybersecurity,24,4.58,15.896103896103897,4.097987012987013
CR00005,2025-01,11,0.0,0.0,2025-01,1,13.909090909090908,0.0,13.909090909090908,0.0,0.0,0.0,0.0,Full Stack Development,Programming,Free,Beginner,0.0,28.68,1.28,TC00040,Kimberly Miller,Cybersecurity,24,4.58,15.795180722891565,4.05855421686747
CR00005,2025-02,15,0.0,0.0,2025-02,2,11.0,0.0,11.0,0.0,11.0,0.0,0.0,Full Stack Development,Programming,Free,Beginner,0.0,28.68,1.28,TC00040,Kimberly Miller,Cybersecurity,24,4.58,15.795180722891565,4.05855421686747
CR00005,2025-03,20,0.0,0.0,2025-03,3,15.0,0.0,13.0,0.0,26.0,0.0,0.0,Full Stack Development,Programming,Free,Beginner,0.0,28.68,1.28,TC00040,Kimberly Miller,Cybersecurity,24,4.58,15.795180722891565,4.05855421686747
CR00005,2025-04,10,0.0,0.0,2025-04,4,20.0,0.0,15.333333333333334,0.0,46.0,0.0,0.0,Full Stack Development,Programming,Free,Beginner,0.0,28.68,1.28,TC00040,Kimberly Miller,Cybersecurity,24,4.58,15.795180722891565,4.05855421686747
CR00005,2025-05,18,0.0,0.0,2025-05,5,10.0,0.0,15.0,0.0,56.0,0.0,0.0,Full Stack Development,Programming,Free,Beginner,0.0,28.68,1.28,TC00040,Kimberly Miller,Cybersecurity,24,4.58,15.795180722891565,4.05855421686747
CR00005,2025-06,16,0.0,0.0,2025-06,6,18.0,0.0,16.0,0.0,74.0,0.0,0.0,Full Stack Development,Programming,Free,Beginner,0.0,28.68,1.28,TC00040,Kimberly Miller,Cybersecurity,24,4.58,15.795180722891565,4.05855421686747
CR00005,2025-07,14,0.0,0.0,2025-07,7,16.0,0.0,14.666666666666666,0.0,90.0,0.0,0.0,Full Stack Development,Programming,Free,Beginner,0.0,28.68,1.28,TC00040,Kimberly Miller,Cybersecurity,24,4.58,15.795180722891565,4.05855421686747
CR00005,2025-08,11,0.0,0.0,2025-08,8,14.0,0.0,16.0,0.0,104.0,0.0,0.0,Full Stack Development,Programming,Free,Beginner,0.0,28.68,1.28,TC00040,Kimberly Miller,Cybersecurity,24,4.58,15.795180722891565,4.05855421686747
CR00005,2025-09,14,0.0,0.0,2025-09,9,11.0,0.0,13.666666666666666,0.0,115.0,0.0,0.0,Full Stack Development,Programming,Free,Beginner,0.0,28.68,1.28,TC00040,Kimberly Miller,Cybersecurity,24,4.58,15.795180722891565,4.05855421686747
CR00005,2025-10,13,0.0,0.0,2025-10,10,14.0,0.0,13.0,0.0,129.0,0.0,0.0,Full Stack Development,Programming,Free,Beginner,0.0,28.68,1.28,TC00040,Kimberly Miller,Cybersecurity,24,4.58,15.795180722891565,4.05855421686747
CR00005,2025-11,11,0.0,0.0,2025-11,11,13.0,0.0,12.666666666666666,0.0,142.0,0.0,0.0,Full Stack Development,Programming,Free,Beginner,0.0,28.68,1.28,TC00040,Kimberly Miller,Cybersecurity,24,4.58,15.795180722891565,4.05855421686747
CR00005,2025-12,13,0.0,0.0,2025-12,12,11.0,0.0,12.666666666666666,0.0,153.0,0.0,0.0,Full Stack Development,Programming,Free,Beginner,0.0,28.68,1.28,TC00040,Kimberly Miller,Cybersecurity,24,4.58,15.795180722891565,4.05855421686747
CR00006,2025-01,11,3040.07,276.37,2025-01,1,13.090909090909092,3617.9345454545455,13.090909090909092,3617.9345454545455,0.0,0.0,0.0,Graphic Design Basics,Design,Paid,Advanced,276.37,48.84,2.72,TC00042,Yolanda Levine,Machine Learning,21,4.97,16.75,4.133461538461538
CR00006,2025-02,14,3869.1800000000003,276.37,2025-02,2,11.0,3040.07,11.0,3040.07,11.0,3040.07,276.37,Graphic Design Basics,Design,Paid,Advanced,276.37,48.84,2.72,TC00042,Yolanda Levine,Machine Learning,21,4.97,16.75,4.133461538461538
CR00006,2025-03,16,4421.92,276.37,2025-03,3,14.0,3869.1800000000003,12.5,3454.625,25.0,6909.25,276.37,Graphic Design Basics,Design,Paid,Advanced,276.37,48.84,2.72,TC00042,Yolanda Levine,Machine Learning,21,4.97,16.75,4.133461538461538
CR00006,2025-04,13,3592.81,276.37,2025-04,4,16.0,4421.92,13.666666666666666,3777.056666666667,41.0,11331.17,276.37,Graphic Design Basics,Design,Paid,Advanced,276.37,48.84,2.72,TC00042,Yolanda Levine,Machine Learning,21,4.97,16.75,4.133461538461538
CR00006,2025-05,17,4698.29,276.37,2025-05,5,13.0,3592.81,14.333333333333334,3961.3033333333333,54.0,14923.98,276.37,Graphic Design Basics,Design,Paid,Advanced,276.37,48.84,2.72,TC00042,Yolanda Levine,Machine Learning,21,4.97,16.75,4.133461538461538
CR00006,2025-06,13,3592.81,276.37,2025-06,6,17.0,4698.29,15.333333333333334,4237.673333333333,71.0,19622.27,276.37,Graphic Design Basics,Design,Paid,Advanced,276.37,48.84,2.72,TC00042,Yolanda Levine,Machine Learning,21,4.97,16.75,4.133461538461538
CR00006,2025-07,8,2210.96,276.37,2025-07,7,13.0,3592.81,14.333333333333334,3961.3033333333333,84.0,23215.08,276.37,Graphic Design Basics,Design,Paid,Advanced,276.37,48.84,2.72,TC00042,Yolanda Levine,Machine Learning,21,4.97,16.75,4.133461538461538
CR00006,2025-08,15,4145.55,276.37,2025-08,8,8.0,2210.96,12.666666666666666,3500.686666666667,92.0,25426.04,276.37,Graphic Design Basics,Design,Paid,Advanced,276.37,48.84,2.72,TC00042,Yolanda Levine,Machine Learning,21,4.97,16.75,4.133461538461538
CR00006,2025-09,10,2763.7,276.37,2025-09,9,15.0,4145.55,12.0,3316.44,107.0,29571.59,276.37,Graphic Design Basics,Design,Paid,Advanced,276.37,48.84,2.72,TC00042,Yolanda Levine,Machine Learning,21,4.97,16.75,4.133461538461538
CR00006,2025-10,13,3592.81,276.37,2025-10,10,10.0,2763.7,11.0,3040.0699999999997,117.0,32335.29,276.37,Graphic Design Basics,Design,Paid,Advanced,276.37,48.84,2.72,TC00042,Yolanda Levine,Machine Learning,21,4.97,16.75,4.133461538461538
CR00006,2025-11,14,3869.1800000000003,276.37,2025-11,11,13.0,3592.81,12.666666666666666,3500.6866666666665,130.0,35928.1,276.37,Graphic Design Basics,Design,Paid,Advanced,276.37,48.84,2.72,TC00042,Yolanda Levine,Machine Learning,21,4.97,16.75,4.133461538461538
CR00006,2025-12,12,3316.44,276.37,2025-12,12,14.0,3869.1800000000003,12.333333333333334,3408.5633333333335,144.0,39797.28,276.37,Graphic Design Basics,Design,Paid,Advanced,276.37,48.84,2.72,TC00042,Yolanda Levine,Machine Learning,21,4.97,16.75,4.133461538461538
CR00007,2025-01,10,0.0,0.0,2025-01,1,14.454545454545455,0.0,14.454545454545455,0.0,0.0,0.0,0.0,UI/UX Design,Design,Free,Advanced,0.0,48.68,2.61,TC00040,Kimberly Miller,Cybersecurity,24,4.58,16.02247191011236,3.932584269662921
CR00007,2025-02,6,0.0,0.0,2025-02,2,10.0,0.0,10.0,0.0,10.0,0.0,0.0,UI/UX Design,Design,Free,Advanced,0.0,48.68,2.61,TC00040,Kimberly Miller,Cybersecurity,24,4.58,16.02247191011236,3.932584269662921
CR00007,2025-03,11,0.0,0.0,2025-03,3,6.0,0.0,8.0,0.0,16.0,0.0,0.0,UI/UX Design,Design,Free,Advanced,0.0,48.68,2.61,TC00040,Kimberly Miller,Cybersecurity,24,4.58,16.02247191011236,3.932584269662921
CR00007,2025-04,20,0.0,0.0,2025-04,4,11.0,0.0,9.0,0.0,27.0,0.0,0.0,UI/UX Design,Design,Free,Advanced,0.0,48.68,2.61,TC00040,Kimberly Miller,Cybersecurity,24,4.58,16.02247191011236,3.932584269662921
CR00007,2025-05,11,0.0,0.0,2025-05,5,20.0,0.0,12.333333333333334,0.0,47.0,0.0,0.0,UI/UX Design,Design,Free,Advanced,0.0,48.68,2.61,TC00040,Kimberly Miller,Cybersecurity,24,4.58,16.02247191011236,3.932584269662921
CR00007,2025-06,20,0.0,0.0,2025-06,6,11.0,0.0,14.0,0.0,58.0,0.0,0.0,UI/UX Design,Design,Free,Advanced,0.0,48.68,2.61,TC00040,Kimberly Miller,Cybersecurity,24,4.58,16.02247191011236,3.932584269662921
CR00007,2025-07,18,0.0,0.0,2025-07,7,20.0,0.0,17.0,0.0,78.0,0.0,0.0,UI/UX Design,Design,Free,Advanced,0.0,48.68,2.61,TC00040,Kimberly Miller,Cybersecurity,24,4.58,16.02247191011236,3.932584269662921
CR00007,2025-08,13,0.0,0.0,2025-08,8,18.0,0.0,16.333333333333332,0.0,96.0,0.0,0.0,UI/UX Design,Design,Free,Advanced,0.0,48.68,2.61,TC00040,Kimberly Miller,Cybersecurity,24,4.58,16.02247191011236,3.932584269662921
CR00007,2025-09,20,0.0,0.0,2025-09,9,13.0,0.0,17.0,0.0,109.0,0.0,0.0,UI/UX Design,Design,Free,Advanced,0.0,48.68,2.61,TC00040,Kimberly Miller,Cybersecurity,24,4.58,16.02247191011236,3.932584269662921
CR00007,2025-10,18,0.0,0.0,2025-10,10,20.0,0.0,17.0,0.0,129.0,0.0,0.0,UI/UX Design,Design,Free,Advanced,0.0,48.68,2.61,TC00040,Kimberly Miller,Cybersecurity,24,4.58,16.02247191011236,3.932584269662921
CR00007,2025-11,12,0.0,0.0,2025-11,11,18.0,0.0,17.0,0.0,147.0,0.0,0.0,UI/UX Design,Design,Free,Advanced,0.0,48.68,2.61,TC00040,Kimberly Miller,Cybersecurity,24,4.58,16.02247191011236,3.932584269662921
CR00007,2025-12,19,0.0,0.0,2025-12,12,12.0,0.0,16.666666666666668,0.0,159.0,0.0,0.0,UI/UX Design,Design,Free,Advanced,0.0,48.68,2.61,TC00040,Kimberly Miller,Cybersecurity,24,4.58,16.02247191011236,3.932584269662921
CR00008,2025-01,6,0.0,0.0,2025-01,1,13.090909090909092,0.0,13.090909090909092,0.0,0.0,0.0,0.0,Photoshop Mastery,Design,Free,Advanced,0.0,2.87,1.52,TC00042,Yolanda Levine,Machine Learning,21,4.97,16.329113924050635,3.999113924050633
CR00008,2025-02,14,0.0,0.0,2025-02,2,6.0,0.0,6.0,0.0,6.0,0.0,0.0,Photoshop Mastery,Design,Free,Advanced,0.0,2.87,1.52,TC00042,Yolanda Levine,Machine Learning,21,4.97,16.329113924050635,3.999113924050633
CR00008,2025-03,12,0.0,0.0,2025-03,3,14.0,0.0,10.0,0.0,20.0,0.0,0.0,Photoshop Mastery,Design,Free,Advanced,0.0,2.87,1.52,TC00042,Yolanda Levine,Machine Learning,21,4.97,16.329113924050635,3.999113924050633
CR00008,2025-04,13,0.0,0.0,2025-04,4,12.0,0.0,10.666666666666666,0.0,32.0,0.0,0.0,Photoshop Mastery,Design,Free,Advanced,0.0,2.87,1.52,TC00042,Yolanda Levine,Machine Learning,21,4.97,16.329113924050635,3.999113924050633
CR00008,2025-05,15,0.0,0.0,2025-05,5,13.0,0.0,13.0,0.0,45.0,0.0,0.0,Photoshop Mastery,Design,Free,Advanced,0.0,2.87,1.52,TC00042,Yolanda Levine,Machine Learning,21,4.97,16.329113924050635,3.999113924050633
CR00008,2025-06,13,0.0,0.0,2025-06,6,15.0,0.0,13.333333333333334,0.0,60.0,0.0,0.0,Photoshop Mastery,Design,Free,Advanced,0.0,2.87,1.52,TC00042,Yolanda Levine,Machine Learning,21,4.97,16.329113924050635,3.999113924050633
CR00008,2025-07,17,0.0,0.0,2025-07,7,13.0,0.0,13.666666666666666,0.0,73.0,0.0,0.0,Photoshop Mastery,Design,Free,Advanced,0.0,2.87,1.52,TC00042,Yolanda Levine,Machine Learning,21,4.97,16.329113924050635,3.999113924050633
CR00008,2025-08,12,0.0,0.0,2025-08,8,17.0,0.0,15.0,0.0,90.0,0.0,0.0,Photoshop Mastery,Design,Free,Advanced,0.0,2.87,1.52,TC00042,Yolanda Levine,Machine Learning,21,4.97,16.329113924050635,3.999113924050633
CR00008,2025-09,12,0.0,0.0,2025-09,9,12.0,0.0,14.0,0.0,102.0,0.0,0.0,Photoshop Mastery,Design,Free,Advanced,0.0,2.87,1.52,TC00042,Yolanda Levine,Machine Learning,21,4.97,16.329113924050635,3.999113924050633
CR00008,2025-10,13,0.0,0.0,2025-10,10,12.0,0.0,13.666666666666666,0.0,114.0,0.0,0.0,Photoshop Mastery,Design,Free,Advanced,0.0,2.87,1.52,TC00042,Yolanda Levine,Machine Learning,21,4.97,16.329113924050635,3.999113924050633
CR00008,2025-11,17,0.0,0.0,2025-11,11,13.0,0.0,12.333333333333334,0.0,127.0,0.0,0.0,Photoshop Mastery,Design,Free,Advanced,0.0,2.87,1.52,TC00042,Yolanda Levine,Machine Learning,21,4.97,16.329113924050635,3.999113924050633
CR00008,2025-12,14,0.0,0.0,2025-12,12,17.0,0.0,14.0,0.0,144.0,0.0,0.0,Photoshop Mastery,Design,Free,Advanced,0.0,2.87,1.52,TC00042,Yolanda Levine,Machine Learning,21,4.97,16.329113924050635,3.999113924050633
CR00009,2025-01,10,0.0,0.0,2025-01,1,12.636363636363637,0.0,12.636363636363637,0.0,0.0,0.0,0.0,Web Design Fundamentals,Design,Free,Beginner,0.0,48.19,4.51,TC00042,Yolanda Levine,Machine Learning,21,4.97,15.387096774193548,3.9562580645161294
CR00009,2025-02,18,0.0,0.0,2025-02,2,10.0,0.0,10.0,0.0,10.0,0.0,0.0,Web Design Fundamentals,Design,Free,Beginner,0.0,48.19,4.51,TC00042,Yolanda Levine,Machine Learning,21,4.97,15.387096774193548,3.9562580645161294
CR00009,2025-03,12,0.0,0.0,2025-03,3,18.0,0.0,14.0,0.0,28.0,0.0,0.0,Web Design Fundamentals,Design,Free,Beginner,0.0,48.19,4.51,TC00042,Yolanda Levine,Machine Learning,21,4.97,15.387096774193548,3.9562580645161294
CR00009,2025-04,10,0.0,0.0,2025-04,4,12.0,0.0,13.333333333333334,0.0,40.0,0.0,0.0,Web Design Fundamentals,Design,Free,Beginner,0.0,48.19,4.51,TC00042,Yolanda Levine,Machine Learning,21,4.97,15.387096774193548,3.9562580645161294
CR00009,2025-05,11,0.0,0.0,2025-05,5,10.0,0.0,13.333333333333334,0.0,50.0,0.0,0.0,Web Design Fundamentals,Design,Free,Beginner,0.0,48.19,4.51,TC00042,Yolanda Levine,Machine Learning,21,4.97,15.387096774193548,3.9562580645161294
CR00009,2025-06,17,0.0,0.0,2025-06,6,11.0,0.0,11.0,0.0,61.0,0.0,0.0,Web Design Fundamentals,Design,Free,Beginner,0.0,48.19,4.51,TC00042,Yolanda Levine,Machine Learning,21,4.97,15.387096774193548,3.9562580645161294
CR00009,2025-07,17,0.0,0.0,2025-07,7,17.0,0.0,12.666666666666666,0.0,78.0,0.0,0.0,Web Design Fundamentals,Design,Free,Beginner,0.0,48.19,4.51,TC00042,Yolanda Levine,Machine Learning,21,4.97,15.387096774193548,3.9562580645161294
CR00009,2025-08,15,0.0,0.0,2025-08,8,17.0,0.0,15.0,0.0,95.0,0.0,0.0,Web Design Fundamentals,Design,Free,Beginner,0.0,48.19,4.51,TC00042,Yolanda Levine,Machine Learning,21,4.97,15.387096774193548,3.9562580645161294
CR00009,2025-09,11,0.0,0.0,2025-09,9,15.0,0.0,16.333333333333332,0.0,110.0,0.0,0.0,Web Design Fundamentals,Design,Free,Beginner,0.0,48.19,4.51,TC00042,Yolanda Levine,Machine Learning,21,4.97,15.387096774193548,3.9562580645161294
CR00009,2025-10,12,0.0,0.0,2025-10,10,11.0,0.0,14.333333333333334,0.0,121.0,0.0,0.0,Web Design Fundamentals,Design,Free,Beginner,0.0,48.19,4.51,TC00042,Yolanda Levine,Machine Learning,21,4.97,15.387096774193548,3.9562580645161294
CR00009,2025-11,6,0.0,0.0,2025-11,11,12.0,0.0,12.666666666666666,0.0,133.0,0.0,0.0,Web Design Fundamentals,Design,Free,Beginner,0.0,48.19,4.51,TC00042,Yolanda Levine,Machine Learning,21,4.97,15.387096774193548,3.9562580645161294
CR00009,2025-12,16,0.0,0.0,2025-12,12,6.0,0.0,9.666666666666666,0.0,139.0,0.0,0.0,Web Design Fundamentals,Design,Free,Beginner,0.0,48.19,4.51,TC00042,Yolanda Levine,Machine Learning,21,4.97,15.387096774193548,3.9562580645161294
CR00010,2025-01,12,0.0,0.0,2025-01,1,14.818181818181818,0.0,14.818181818181818,0.0,0.0,0.0,0.0,3D Modeling,Design,Free,Advanced,0.0,15.29,4.45,TC00040,Kimberly Miller,Cybersecurity,24,4.58,16.05,3.997055555555556
CR00010,2025-02,9,0.0,0.0,2025-02,2,12.0,0.0,12.0,0.0,12.0,0.0,0.0,3D Modeling,Design,Free,Advanced,0.0,15.29,4.45,TC00040,Kimberly Miller,Cybersecurity,24,4.58,16.05,3.997055555555556
CR00010,2025-03,13,0.0,0.0,2025-03,3,9.0,0.0,10.5,0.0,21.0,0.0,0.0,3D Modeling,Design,Free,Advanced,0.0,15.29,4.45,TC00040,Kimberly Miller,Cybersecurity,24,4.58,16.05,3.997055555555556
CR00010,2025-04,20,0.0,0.0,2025-04,4,13.0,0.0,11.333333333333334,0.0,34.0,0.0,0.0,3D Modeling,Design,Free,Advanced,0.0,15.29,4.45,TC00040,Kimberly Miller,Cybersecurity,24,4.58,16.05,3.997055555555556
CR00010,2025-05,14,0.0,0.0,2025-05,5,20.0,0.0,14.0,0.0,54.0,0.0,0.0,3D Modeling,Design,Free,Advanced,0.0,15.29,4.45,TC00040,Kimberly Miller,Cybersecurity,24,4.58,16.05,3.997055555555556
CR00010,2025-06,19,0.0,0.0,2025-06,6,14.0,0.0,15.666666666666666,0.0,68.0,0.0,0.0,3D Modeling,Design,Free,Advanced,0.0,15.29,4.45,TC00040,Kimberly Miller,Cybersecurity,24,4.58,16.05,3.997055555555556
CR00010,2025-07,17,0.0,0.0,2025-07,7,19.0,0.0,17.666666666666668,0.0,87.0,0.0,0.0,3D Modeling,Design,Free,Advanced,0.0,15.29,4.45,TC00040,Kimberly Miller,Cybersecurity,24,4.58,16.05,3.997055555555556
CR00010,2025-08,9,0.0,0.0,2025-08,8,17.0,0.0,16.666666666666668,0.0,104.0,0.0,0.0,3D Modeling,Design,Free,Advanced,0.0,15.29,4.45,TC00040,Kimberly Miller,Cybersecurity,24,4.58,16.05,3.997055555555556
CR00010,2025-09,17,0.0,0.0,2025-09,9,9.0,0.0,15.0,0.0,113.0,0.0,0.0,3D Modeling,Design,Free,Advanced,0.0,15.29,4.45,TC00040,Kimberly Miller,Cybersecurity,24,4.58,16.05,3.997055555555556
CR00010,2025-10,10,0.0,0.0,2025-10,10,17.0,0.0,14.333333333333334,0.0,130.0,0.0,0.0,3D Modeling,Design,Free,Advanced,0.0,15.29,4.45,TC00040,Kimberly Miller,Cybersecurity,24,4.58,16.05,3.997055555555556
CR00010,2025-11,23,0.0,0.0,2025-11,11,10.0,0.0,12.0,0.0,140.0,0.0,0.0,3D Modeling,Design,Free,Advanced,0.0,15.29,4.45,TC00040,Kimberly Miller,Cybersecurity,24,4.58,16.05,3.997055555555556
CR00010,2025-12,17,0.0,0.0,2025-12,12,23.0,0.0,16.666666666666668,0.0,163.0,0.0,0.0,3D Modeling,Design,Free,Advanced,0.0,15.29,4.45,TC00040,Kimberly Miller,Cybersecurity,24,4.58,16.05,3.997055555555556
CR00011,2025-01,14,4564.28,326.02,2025-01,1,12.636363636363637,4119.707272727272,12.636363636363637,4119.707272727272,0.0,0.0,0.0,Entrepreneurship 101,Business,Paid,Intermediate,326.02,11.31,2.69,TC00040,Kimberly Miller,Cybersecurity,24,4.58,16.52980132450331,3.9479470198675495
CR00011,2025-02,14,4564.28,326.02,2025-02,2,14.0,4564.28,14.0,4564.28,14.0,4564.28,326.02,Entrepreneurship 101,Business,Paid,Intermediate,326.02,11.31,2.69,TC00040,Kimberly Miller,Cybersecurity,24,4.58,16.52980132450331,3.9479470198675495
CR00011,2025-03,9,2934.18,326.02,2025-03,3,14.0,4564.28,14.0,4564.28,28.0,9128.56,326.02,Entrepreneurship 101,Business,Paid,Intermediate,326.02,11.31,2.69,TC00040,Kimberly Miller,Cybersecurity,24,4.58,16.52980132450331,3.9479470198675495
CR00011,2025-04,16,5216.32,326.02,2025-04,4,9.0,2934.18,12.333333333333334,4020.9133333333334,37.0,12062.74,326.02,Entrepreneurship 101,Business,Paid,Intermediate,326.02,11.31,2.69,TC00040,Kimberly Miller,Cybersecurity,24,4.58,16.52980132450331,3.9479470198675495
CR00011,2025-05,11,3586.22,326.02,2025-05,5,16.0,5216.32,13.0,4238.259999999999,53.0,17279.059999999998,326.02,Entrepreneurship 101,Business,Paid,Intermediate,326.02,11.31,2.69,TC00040,Kimberly Miller,Cybersecurity,24,4.58,16.52980132450331,3.9479470198675495
CR00011,2025-06,11,3586.22,326.02,2025-06,6,11.0,3586.22,12.0,3912.24,64.0,20865.28,326.02,Entrepreneurship 101,Business,Paid,Intermediate,326.02,11.31,2.69,TC00040,Kimberly Miller,Cybersecurity,24,4.58,16.52980132450331,3.9479470198675495
CR00011,2025-07,18,5868.36,326.02,2025-07,7,11.0,3586.22,12.666666666666666,4129.586666666666,75.0,24451.5,326.02,Entrepreneurship 101,Business,Paid,Intermediate,326.02,11.31,2.69,TC00040,Kimberly Miller,Cybersecurity,24,4.58,16.52980132450331,3.9479470198675495
CR00011,2025-08,6,1956.12,326.02,2025-08,8,18.0,5868.36,13.333333333333334,4346.933333333333,93.0,30319.86,326.02,Entrepreneurship 101,Business,Paid,Intermediate,326.02,11.31,2.69,TC00040,Kimberly Miller,Cybersecurity,24,4.58,16.52980132450331,3.9479470198675495
CR00011,2025-09,12,3912.24,326.02,2025-09,9,6.0,1956.12,11.666666666666666,3803.566666666667,99.0,32275.98,326.02,Entrepreneurship 101,Business,Paid,Intermediate,326.02,11.31,2.69,TC00040,Kimberly Miller,Cybersecurity,24,4.58,16.52980132450331,3.9479470198675495
CR00011,2025-10,16,5216.32,326.02,2025-10,10,12.0,3912.24,12.0,3912.24,111.0,36188.22,326.02000000000004,Entrepreneurship 101,Business,Paid,Intermediate,326.02,11.31,2.69,TC00040,Kimberly Miller,Cybersecurity,24,4.58,16.52980132450331,3.9479470198675495
CR00011,2025-11,12,3912.24,326.02,2025-11,11,16.0,5216.32,11.333333333333334,3694.8933333333334,127.0,41404.54,326.02,Entrepreneurship 101,Business,Paid,Intermediate,326.02,11.31,2.69,TC00040,Kimberly Miller,Cybersecurity,24,4.58,16.52980132450331,3.9479470198675495
CR00011,2025-12,12,3912.24,326.02,2025-12,12,12.0,3912.24,13.333333333333334,4346.933333333333,139.0,45316.78,326.02,Entrepreneurship 101,Business,Paid,Intermediate,326.02,11.31,2.69,TC00040,Kimberly Miller,Cybersecurity,24,4.58,16.52980132450331,3.9479470198675495
CR00012,2025-01,20,9758.4,487.91999999999996,2025-01,1,14.636363636363637,7141.374545454545,14.636363636363637,7141.374545454545,0.0,0.0,0.0,Business Strategy,Business,Paid,Advanced,487.92,36.01,3.64,TC00042,Yolanda Levine,Machine Learning,21,4.97,16.052023121387283,3.9091907514450863
CR00012,2025-02,10,4879.2,487.91999999999996,2025-02,2,20.0,9758.4,20.0,9758.4,20.0,9758.4,487.91999999999996,Business Strategy,Business,Paid,Advanced,487.92,36.01,3.64,TC00042,Yolanda Levine,Machine Learning,21,4.97,16.052023121387283,3.9091907514450863
CR00012,2025-03,21,10246.32,487.91999999999996,2025-03,3,10.0,4879.2,15.0,7318.799999999999,30.0,14637.599999999999,487.91999999999996,Business Strategy,Business,Paid,Advanced,487.92,36.01,3.64,TC00042,Yolanda Levine,Machine Learning,21,4.97,16.052023121387283,3.9091907514450863
CR00012,2025-04,15,7318.8,487.92,2025-04,4,21.0,10246.32,17.0,8294.64,51.0,24883.92,487.91999999999996,Business Strategy,Business,Paid,Advanced,487.92,36.01,3.64,TC00042,Yolanda Levine,Machine Learning,21,4.97,16.052023121387283,3.9091907514450863
CR00012,2025-05,6,2927.52,487.92,2025-05,5,15.0,7318.8,15.333333333333334,7481.44,66.0,32202.719999999998,487.91999999999996,Business Strategy,Business,Paid,Advanced,487.92,36.01,3.64,TC00042,Yolanda Levine,Machine Learning,21,4.97,16.052023121387283,3.9091907514450863
CR00012,2025-06,14,6830.88,487.92,2025-06,6,6.0,2927.52,14.0,6830.88,72.0,35130.24,487.91999999999996,Business Strategy,Business,Paid,Advanced,487.92,36.01,3.64,TC00042,Yolanda Levine,Machine Learning,21,4.97,16.052023121387283,3.9091907514450863
CR00012,2025-07,18,8782.56,487.91999999999996,2025-07,7,14.0,6830.88,11.666666666666666,5692.399999999999,86.0,41961.119999999995,487.91999999999996,Business Strategy,Business,Paid,Advanced,487.92,36.01,3.64,TC00042,Yolanda Levine,Machine Learning,21,4.97,16.052023121387283,3.9091907514450863
CR00012,2025-08,11,5367.12,487.92,2025-08,8,18.0,8782.56,12.666666666666666,6180.32,104.0,50743.67999999999,487.91999999999996,Business Strategy,Business,Paid,Advanced,487.92,36.01,3.64,TC00042,Yolanda Levine,Machine Learning,21,4.97,16.052023121387283,3.9091907514450863
CR00012,2025-09,15,7318.8,487.92,2025-09,9,11.0,5367.12,14.333333333333334,6993.5199999999995,115.0,56110.799999999996,487.91999999999996,Business Strategy,Business,Paid,Advanced,487.92,36.01,3.64,TC00042,Yolanda Levine,Machine Learning,21,4.97,16.052023121387283,3.9091907514450863
CR00012,2025-10,20,9758.4,487.91999999999996,2025-10,10,15.0,7318.8,14.666666666666666,7156.159999999999,130.0,63429.6,487.92,Business Strategy,Business,Paid,Advanced,487.92,36.01,3.64,TC00042,Yolanda Levine,Machine Learning,21,4.97,16.052023121387283,3.9091907514450863
CR00012,2025-11,11,5367.12,487.92,2025-11,11,20.0,9758.4,15.333333333333334,7481.44,150.0,73188.0,487.92,Business Strategy,Business,Paid,Advanced,487.92,36.01,3.64,TC00042,Yolanda Levine,Machine Learning,21,4.97,16.052023121387283,3.9091907514450863
CR00012,2025-12,12,5855.04,487.92,2025-12,12,11.0,5367.12,15.333333333333334,7481.44,161.0,78555.12,487.91999999999996,Business Strategy,Business,Paid,Advanced,487.92,36.01,3.64,TC00042,Yolanda Levine,Machine Learning,21,4.97,16.052023121387283,3.9091907514450863
CR00013,2025-01,20,0.0,0.0,2025-01,1,14.090909090909092,0.0,14.090909090909092,0.0,0.0,0.0,0.0,Finance for Startups,Business,Free,Advanced,0.0,15.84,2.0,TC00040,Kimberly Miller,Cybersecurity,24,4.58,15.935294117647059,3.8742941176470587
CR00013,2025-02,12,0.0,0.0,2025-02,2,20.0,0.0,20.0,0.0,20.0,0.0,0.0,Finance for Startups,Business,Free,Advanced,0.0,15.84,2.0,TC00040,Kimberly Miller,Cybersecurity,24,4.58,15.935294117647059,3.8742941176470587
CR00013,2025-03,23,0.0,0.0,2025-03,3,12.0,0.0,16.0,0.0,32.0,0.0,0.0,Finance for Startups,Business,Free,Advanced,0.0,15.84,2.0,TC00040,Kimberly Miller,Cybersecurity,24,4.58,15.935294117647059,3.8742941176470587
CR00013,2025-04,18,0.0,0.0,2025-04,4,23.0,0.0,18.333333333333332,0.0,55.0,0.0,0.0,Finance for Startups,Business,Free,Advanced,0.0,15.84,2.0,TC00040,Kimberly Miller,Cybersecurity,24,4.58,15.935294117647059,3.8742941176470587
CR00013,2025-05,10,0.0,0.0,2025-05,5,18.0,0.0,17.666666666666668,0.0,73.0,0.0,0.0,Finance for Startups,Business,Free,Advanced,0.0,15.84,2.0,TC00040,Kimberly Miller,Cybersecurity,24,4.58,15.935294117647059,3.8742941176470587
CR00013,2025-06,13,0.0,0.0,2025-06,6,10.0,0.0,17.0,0.0,83.0,0.0,0.0,Finance for Startups,Business,Free,Advanced,0.0,15.84,2.0,TC00040,Kimberly Miller,Cybersecurity,24,4.58,15.935294117647059,3.8742941176470587
CR00013,2025-07,14,0.0,0.0,2025-07,7,13.0,0.0,13.666666666666666,0.0,96.0,0.0,0.0,Finance for Startups,Business,Free,Advanced,0.0,15.84,2.0,TC00040,Kimberly Miller,Cybersecurity,24,4.58,15.935294117647059,3.8742941176470587
CR00013,2025-08,12,0.0,0.0,2025-08,8,14.0,0.0,12.333333333333334,0.0,110.0,0.0,0.0,Finance for Startups,Business,Free,Advanced,0.0,15.84,2.0,TC00040,Kimberly Miller,Cybersecurity,24,4.58,15.935294117647059,3.8742941176470587
CR00013,2025-09,9,0.0,0.0,2025-09,9,12.0,0.0,13.0,0.0,122.0,0.0,0.0,Finance for Startups,Business,Free,Advanced,0.0,15.84,2.0,TC00040,Kimberly Miller,Cybersecurity,24,4.58,15.935294117647059,3.8742941176470587
CR00013,2025-10,10,0.0,0.0,2025-10,10,9.0,0.0,11.666666666666666,0.0,131.0,0.0,0.0,Finance for Startups,Business,Free,Advanced,0.0,15.84,2.0,TC00040,Kimberly Miller,Cybersecurity,24,4.58,15.935294117647059,3.8742941176470587
CR00013,2025-11,14,0.0,0.0,2025-11,11,10.0,0.0,10.333333333333334,0.0,141.0,0.0,0.0,Finance for Startups,Business,Free,Advanced,0.0,15.84,2.0,TC00040,Kimberly Miller,Cybersecurity,24,4.58,15.935294117647059,3.8742941176470587
CR00013,2025-12,15,0.0,0.0,2025-12,12,14.0,0.0,11.0,0.0,155.0,0.0,0.0,Finance for Startups,Business,Free,Advanced,0.0,15.84,2.0,TC00040,Kimberly Miller,Cybersecurity,24,4.58,15.935294117647059,3.8742941176470587
CR00014,2025-01,15,0.0,0.0,2025-01,1,14.909090909090908,0.0,14.909090909090908,0.0,0.0,0.0,0.0,Sales Mastery,Business,Free,Advanced,0.0,22.29,3.15,TC00040,Kimberly Miller,Cybersecurity,24,4.58,15.695906432748538,3.769298245614035
CR00014,2025-02,14,0.0,0.0,2025-02,2,15.0,0.0,15.0,0.0,15.0,0.0,0.0,Sales Mastery,Business,Free,Advanced,0.0,22.29,3.15,TC00040,Kimberly Miller,Cybersecurity,24,4.58,15.695906432748538,3.769298245614035
CR00014,2025-03,17,0.0,0.0,2025-03,3,14.0,0.0,14.5,0.0,29.0,0.0,0.0,Sales Mastery,Business,Free,Advanced,0.0,22.29,3.15,TC00040,Kimberly Miller,Cybersecurity,24,4.58,15.695906432748538,3.769298245614035
CR00014,2025-04,12,0.0,0.0,2025-04,4,17.0,0.0,15.333333333333334,0.0,46.0,0.0,0.0,Sales Mastery,Business,Free,Advanced,0.0,22.29,3.15,TC00040,Kimberly Miller,Cybersecurity,24,4.58,15.695906432748538,3.769298245614035
CR00014,2025-05,14,0.0,0.0,2025-05,5,12.0,0.0,14.333333333333334,0.0,58.0,0.0,0.0,Sales Mastery,Business,Free,Advanced,0.0,22.29,3.15,TC00040,Kimberly Miller,Cybersecurity,24,4.58,15.695906432748538,3.769298245614035
CR00014,2025-06,15,0.0,0.0,2025-06,6,14.0,0.0,14.333333333333334,0.0,72.0,0.0,0.0,Sales Mastery,Business,Free,Advanced,0.0,22.29,3.15,TC00040,Kimberly Miller,Cybersecurity,24,4.58,15.695906432748538,3.769298245614035
CR00014,2025-07,8,0.0,0.0,2025-07,7,15.0,0.0,13.666666666666666,0.0,87.0,0.0,0.0,Sales Mastery,Business,Free,Advanced,0.0,22.29,3.15,TC00040,Kimberly Miller,Cybersecurity,24,4.58,15.695906432748538,3.769298245614035
CR00014,2025-08,14,0.0,0.0,2025-08,8,8.0,0.0,12.333333333333334,0.0,95.0,0.0,0.0,Sales Mastery,Business,Free,Advanced,0.0,22.29,3.15,TC00040,Kimberly Miller,Cybersecurity,24,4.58,15.695906432748538,3.769298245614035
CR00014,2025-09,18,0.0,0.0,2025-09,9,14.0,0.0,12.333333333333334,0.0,109.0,0.0,0.0,Sales Mastery,Business,Free,Advanced,0.0,22.29,3.15,TC00040,Kimberly Miller,Cybersecurity,24,4.58,15.695906432748538,3.769298245614035
CR00014,2025-10,16,0.0,0.0,2025-10,10,18.0,0.0,13.333333333333334,0.0,127.0,0.0,0.0,Sales Mastery,Business,Free,Advanced,0.0,22.29,3.15,TC00040,Kimberly Miller,Cybersecurity,24,4.58,15.695906432748538,3.769298245614035
CR00014,2025-11,21,0.0,0.0,2025-11,11,16.0,0.0,16.0,0.0,143.0,0.0,0.0,Sales Mastery,Business,Free,Advanced,0.0,22.29,3.15,TC00040,Kimberly Miller,Cybersecurity,24,4.58,15.695906432748538,3.769298245614035
CR00014,2025-12,7,0.0,0.0,2025-12,12,21.0,0.0,18.333333333333332,0.0,164.0,0.0,0.0,Sales Mastery,Business,Free,Advanced,0.0,22.29,3.15,TC00040,Kimberly Miller,Cybersecurity,24,4.58,15.695906432748538,3.769298245614035
CR00015,2025-01,13,3705.65,285.05,2025-01,1,13.727272727272727,3912.959090909091,13.727272727272727,3912.959090909091,0.0,0.0,0.0,Leadership Essentials,Business,Paid,Beginner,285.05,34.78,1.96,TC00042,Yolanda Levine,Machine Learning,21,4.97,16.708333333333332,4.0042857142857144
CR00015,2025-02,11,3135.55,285.05,2025-02,2,13.0,3705.65,13.0,3705.65,13.0,3705.65,285.05,Leadership Essentials,Business,Paid,Beginner,285.05,34.78,1.96,TC00042,Yolanda Levine,Machine Learning,21,4.97,16.708333333333332,4.0042857142857144
CR00015,2025-03,11,3135.55,285.05,2025-03,3,11.0,3135.55,12.0,3420.6000000000004,24.0,6841.200000000001,285.05,Leadership Essentials,Business,Paid,Beginner,285.05,34.78,1.96,TC00042,Yolanda Levine,Machine Learning,21,4.97,16.708333333333332,4.0042857142857144
CR00015,2025-04,16,4560.8,285.05,2025-04,4,11.0,3135.55,11.666666666666666,3325.5833333333335,35.0,9976.75,285.05,Leadership Essentials,Business,Paid,Beginner,285.05,34.78,1.96,TC00042,Yolanda Levine,Machine Learning,21,4.97,16.708333333333332,4.0042857142857144
CR00015,2025-05,14,3990.7000000000003,285.05,2025-05,5,16.0,4560.8,12.666666666666666,3610.6333333333337,51.0,14537.55,285.05,Leadership Essentials,Business,Paid,Beginner,285.05,34.78,1.96,TC00042,Yolanda Levine,Machine Learning,21,4.97,16.708333333333332,4.0042857142857144
CR00015,2025-06,19,5415.95,285.05,2025-06,6,14.0,3990.7000000000003,13.666666666666666,3895.683333333334,65.0,18528.25,285.05,Leadership Essentials,Business,Paid,Beginner,285.05,34.78,1.96,TC00042,Yolanda Levine,Machine Learning,21,4.97,16.708333333333332,4.0042857142857144
CR00015,2025-07,13,3705.65,285.05,2025-07,7,19.0,5415.95,16.333333333333332,4655.816666666667,84.0,23944.2,285.05,Leadership Essentials,Business,Paid,Beginner,285.05,34.78,1.96,TC00042,Yolanda Levine,Machine Learning,21,4.97,16.708333333333332,4.0042857142857144
CR00015,2025-08,10,2850.5,285.05,2025-08,8,13.0,3705.65,15.333333333333334,4370.766666666666,97.0,27649.850000000002,285.05,Leadership Essentials,Business,Paid,Beginner,285.05,34.78,1.96,TC00042,Yolanda Levine,Machine Learning,21,4.97,16.708333333333332,4.0042857142857144
CR00015,2025-09,18,5130.900000000001,285.05,2025-09,9,10.0,2850.5,14.0,3990.6999999999994,107.0,30500.350000000002,285.05,Leadership Essentials,Business,Paid,Beginner,285.05,34.78,1.96,TC00042,Yolanda Levine,Machine Learning,21,4.97,16.708333333333332,4.0042857142857144
CR00015,2025-10,13,3705.65,285.05,2025-10,10,18.0,5130.900000000001,13.666666666666666,3895.683333333334,125.0,35631.25,285.05,Leadership Essentials,Business,Paid,Beginner,285.05,34.78,1.96,TC00042,Yolanda Levine,Machine Learning,21,4.97,16.708333333333332,4.0042857142857144
CR00015,2025-11,13,3705.65,285.05,2025-11,11,13.0,3705.65,13.666666666666666,3895.683333333334,138.0,39336.9,285.05,Leadership Essentials,Business,Paid,Beginner,285.05,34.78,1.96,TC00042,Yolanda Levine,Machine Learning,21,4.97,16.708333333333332,4.0042857142857144
CR00015,2025-12,17,4845.85,285.05,2025-12,12,13.0,3705.65,14.666666666666666,4180.733333333334,151.0,43042.55,285.05,Leadership Essentials,Business,Paid,Beginner,285.05,34.78,1.96,TC00042,Yolanda Levine,Machine Learning,21,4.97,16.708333333333332,4.0042857142857144
CR00016,2025-01,13,0.0,0.0,2025-01,1,13.181818181818182,0.0,13.181818181818182,0.0,0.0,0.0,0.0,Digital Marketing,Marketing,Free,Intermediate,0.0,42.68,4.72,TC00042,Yolanda Levine,Machine Learning,21,4.97,16.372549019607842,4.160065359477124
CR00016,2025-02,15,0.0,0.0,2025-02,2,13.0,0.0,13.0,0.0,13.0,0.0,0.0,Digital Marketing,Marketing,Free,Intermediate,0.0,42.68,4.72,TC00042,Yolanda Levine,Machine Learning,21,4.97,16.372549019607842,4.160065359477124
CR00016,2025-03,9,0.0,0.0,2025-03,3,15.0,0.0,14.0,0.0,28.0,0.0,0.0,Digital Marketing,Marketing,Free,Intermediate,0.0,42.68,4.72,TC00042,Yolanda Levine,Machine Learning,21,4.97,16.372549019607842,4.160065359477124
CR00016,2025-04,9,0.0,0.0,2025-04,4,9.0,0.0,12.333333333333334,0.0,37.0,0.0,0.0,Digital Marketing,Marketing,Free,Intermediate,0.0,42.68,4.72,TC00042,Yolanda Levine,Machine Learning,21,4.97,16.372549019607842,4.160065359477124
CR00016,2025-05,7,0.0,0.0,2025-05,5,9.0,0.0,11.0,0.0,46.0,0.0,0.0,Digital Marketing,Marketing,Free,Intermediate,0.0,42.68,4.72,TC00042,Yolanda Levine,Machine Learning,21,4.97,16.372549019607842,4.160065359477124
CR00016,2025-06,11,0.0,0.0,2025-06,6,7.0,0.0,8.333333333333334,0.0,53.0,0.0,0.0,Digital Marketing,Marketing,Free,Intermediate,0.0,42.68,4.72,TC00042,Yolanda Levine,Machine Learning,21,4.97,16.372549019607842,4.160065359477124
CR00016,2025-07,15,0.0,0.0,2025-07,7,11.0,0.0,9.0,0.0,64.0,0.0,0.0,Digital Marketing,Marketing,Free,Intermediate,0.0,42.68,4.72,TC00042,Yolanda Levine,Machine Learning,21,4.97,16.372549019607842,4.160065359477124
CR00016,2025-08,16,0.0,0.0,2025-08,8,15.0,0.0,11.0,0.0,79.0,0.0,0.0,Digital Marketing,Marketing,Free,Intermediate,0.0,42.68,4.72,TC00042,Yolanda Levine,Machine Learning,21,4.97,16.372549019607842,4.160065359477124
CR00016,2025-09,14,0.0,0.0,2025-09,9,16.0,0.0,14.0,0.0,95.0,0.0,0.0,Digital Marketing,Marketing,Free,Intermediate,0.0,42.68,4.72,TC00042,Yolanda Levine,Machine Learning,21,4.97,16.372549019607842,4.160065359477124
CR00016,2025-10,15,0.0,0.0,2025-10,10,14.0,0.0,15.0,0.0,109.0,0.0,0.0,Digital Marketing,Marketing,Free,Intermediate,0.0,42.68,4.72,TC00042,Yolanda Levine,Machine Learning,21,4.97,16.372549019607842,4.160065359477124
CR00016,2025-11,21,0.0,0.0,2025-11,11,15.0,0.0,15.0,0.0,124.0,0.0,0.0,Digital Marketing,Marketing,Free,Intermediate,0.0,42.68,4.72,TC00042,Yolanda Levine,Machine Learning,21,4.97,16.372549019607842,4.160065359477124
CR00016,2025-12,8,0.0,0.0,2025-12,12,21.0,0.0,16.666666666666668,0.0,145.0,0.0,0.0,Digital Marketing,Marketing,Free,Intermediate,0.0,42.68,4.72,TC00042,Yolanda Levine,Machine Learning,21,4.97,16.372549019607842,4.160065359477124
CR00017,2025-01,15,0.0,0.0,2025-01,1,13.181818181818182,0.0,13.181818181818182,0.0,0.0,0.0,0.0,SEO Mastery,Marketing,Free,Advanced,0.0,29.37,4.79,TC00042,Yolanda Levine,Machine Learning,21,4.97,16.0126582278481,4.193291139240506
CR00017,2025-02,17,0.0,0.0,2025-02,2,15.0,0.0,15.0,0.0,15.0,0.0,0.0,SEO Mastery,Marketing,Free,Advanced,0.0,29.37,4.79,TC00042,Yolanda Levine,Machine Learning,21,4.97,16.0126582278481,4.193291139240506
CR00017,2025-03,11,0.0,0.0,2025-03,3,17.0,0.0,16.0,0.0,32.0,0.0,0.0,SEO Mastery,Marketing,Free,Advanced,0.0,29.37,4.79,TC00042,Yolanda Levine,Machine Learning,21,4.97,16.0126582278481,4.193291139240506
CR00017,2025-04,11,0.0,0.0,2025-04,4,11.0,0.0,14.333333333333334,0.0,43.0,0.0,0.0,SEO Mastery,Marketing,Free,Advanced,0.0,29.37,4.79,TC00042,Yolanda Levine,Machine Learning,21,4.97,16.0126582278481,4.193291139240506
CR00017,2025-05,7,0.0,0.0,2025-05,5,11.0,0.0,13.0,0.0,54.0,0.0,0.0,SEO Mastery,Marketing,Free,Advanced,0.0,29.37,4.79,TC00042,Yolanda Levine,Machine Learning,21,4.97,16.0126582278481,4.193291139240506
CR00017,2025-06,16,0.0,0.0,2025-06,6,7.0,0.0,9.666666666666666,0.0,61.0,0.0,0.0,SEO Mastery,Marketing,Free,Advanced,0.0,29.37,4.79,TC00042,Yolanda Levine,Machine Learning,21,4.97,16.0126582278481,4.193291139240506
CR00017,2025-07,8,0.0,0.0,2025-07,7,16.0,0.0,11.333333333333334,0.0,77.0,0.0,0.0,SEO Mastery,Marketing,Free,Advanced,0.0,29.37,4.79,TC00042,Yolanda Levine,Machine Learning,21,4.97,16.0126582278481,4.193291139240506
CR00017,2025-08,18,0.0,0.0,2025-08,8,8.0,0.0,10.333333333333334,0.0,85.0,0.0,0.0,SEO Mastery,Marketing,Free,Advanced,0.0,29.37,4.79,TC00042,Yolanda Levine,Machine Learning,21,4.97,16.0126582278481,4.193291139240506
CR00017,2025-09,18,0.0,0.0,2025-09,9,18.0,0.0,14.0,0.0,103.0,0.0,0.0,SEO Mastery,Marketing,Free,Advanced,0.0,29.37,4.79,TC00042,Yolanda Levine,Machine Learning,21,4.97,16.0126582278481,4.193291139240506
CR00017,2025-10,10,0.0,0.0,2025-10,10,18.0,0.0,14.666666666666666,0.0,121.0,0.0,0.0,SEO Mastery,Marketing,Free,Advanced,0.0,29.37,4.79,TC00042,Yolanda Levine,Machine Learning,21,4.97,16.0126582278481,4.193291139240506
CR00017,2025-11,14,0.0,0.0,2025-11,11,10.0,0.0,15.333333333333334,0.0,131.0,0.0,0.0,SEO Mastery,Marketing,Free,Advanced,0.0,29.37,4.79,TC00042,Yolanda Levine,Machine Learning,21,4.97,16.0126582278481,4.193291139240506
CR00017,2025-12,13,0.0,0.0,2025-12,12,14.0,0.0,14.0,0.0,145.0,0.0,0.0,SEO Mastery,Marketing,Free,Advanced,0.0,29.37,4.79,TC00042,Yolanda Levine,Machine Learning,21,4.97,16.0126582278481,4.193291139240506
CR00018,2025-01,12,0.0,0.0,2025-01,1,13.818181818181818,0.0,13.818181818181818,0.0,0.0,0.0,0.0,Social Media Marketing,Marketing,Free,Advanced,0.0,15.44,2.01,TC00040,Kimberly Miller,Cybersecurity,24,4.58,16.533742331288344,4.198159509202454
CR00018,2025-02,8,0.0,0.0,2025-02,2,12.0,0.0,12.0,0.0,12.0,0.0,0.0,Social Media Marketing,Marketing,Free,Advanced,0.0,15.44,2.01,TC00040,Kimberly Miller,Cybersecurity,24,4.58,16.533742331288344,4.198159509202454
CR00018,2025-03,12,0.0,0.0,2025-03,3,8.0,0.0,10.0,0.0,20.0,0.0,0.0,Social Media Marketing,Marketing,Free,Advanced,0.0,15.44,2.01,TC00040,Kimberly Miller,Cybersecurity,24,4.58,16.533742331288344,4.198159509202454
CR00018,2025-04,17,0.0,0.0,2025-04,4,12.0,0.0,10.666666666666666,0.0,32.0,0.0,0.0,Social Media Marketing,Marketing,Free,Advanced,0.0,15.44,2.01,TC00040,Kimberly Miller,Cybersecurity,24,4.58,16.533742331288344,4.198159509202454
CR00018,2025-05,15,0.0,0.0,2025-05,5,17.0,0.0,12.333333333333334,0.0,49.0,0.0,0.0,Social Media Marketing,Marketing,Free,Advanced,0.0,15.44,2.01,TC00040,Kimberly Miller,Cybersecurity,24,4.58,16.533742331288344,4.198159509202454
CR00018,2025-06,17,0.0,0.0,2025-06,6,15.0,0.0,14.666666666666666,0.0,64.0,0.0,0.0,Social Media Marketing,Marketing,Free,Advanced,0.0,15.44,2.01,TC00040,Kimberly Miller,Cybersecurity,24,4.58,16.533742331288344,4.198159509202454
CR00018,2025-07,13,0.0,0.0,2025-07,7,17.0,0.0,16.333333333333332,0.0,81.0,0.0,0.0,Social Media Marketing,Marketing,Free,Advanced,0.0,15.44,2.01,TC00040,Kimberly Miller,Cybersecurity,24,4.58,16.533742331288344,4.198159509202454
CR00018,2025-08,16,0.0,0.0,2025-08,8,13.0,0.0,15.0,0.0,94.0,0.0,0.0,Social Media Marketing,Marketing,Free,Advanced,0.0,15.44,2.01,TC00040,Kimberly Miller,Cybersecurity,24,4.58,16.533742331288344,4.198159509202454
CR00018,2025-09,13,0.0,0.0,2025-09,9,16.0,0.0,15.333333333333334,0.0,110.0,0.0,0.0,Social Media Marketing,Marketing,Free,Advanced,0.0,15.44,2.01,TC00040,Kimberly Miller,Cybersecurity,24,4.58,16.533742331288344,4.198159509202454
CR00018,2025-10,15,0.0,0.0,2025-10,10,13.0,0.0,14.0,0.0,123.0,0.0,0.0,Social Media Marketing,Marketing,Free,Advanced,0.0,15.44,2.01,TC00040,Kimberly Miller,Cybersecurity,24,4.58,16.533742331288344,4.198159509202454
CR00018,2025-11,14,0.0,0.0,2025-11,11,15.0,0.0,14.666666666666666,0.0,138.0,0.0,0.0,Social Media Marketing,Marketing,Free,Advanced,0.0,15.44,2.01,TC00040,Kimberly Miller,Cybersecurity,24,4.58,16.533742331288344,4.198159509202454
CR00018,2025-12,11,0.0,0.0,2025-12,12,14.0,0.0,14.0,0.0,152.0,0.0,0.0,Social Media Marketing,Marketing,Free,Advanced,0.0,15.44,2.01,TC00040,Kimberly Miller,Cybersecurity,24,4.58,16.533742331288344,4.198159509202454
CR00019,2025-01,15,0.0,0.0,2025-01,1,14.727272727272727,0.0,14.727272727272727,0.0,0.0,0.0,0.0,Content Marketing,Marketing,Free,Advanced,0.0,18.0,2.98,TC00042,Yolanda Levine,Machine Learning,21,4.97,16.497175141242938,4.2006214689265535
CR00019,2025-02,9,0.0,0.0,2025-02,2,15.0,0.0,15.0,0.0,15.0,0.0,0.0,Content Marketing,Marketing,Free,Advanced,0.0,18.0,2.98,TC00042,Yolanda Levine,Machine Learning,21,4.97,16.497175141242938,4.2006214689265535
CR00019,2025-03,15,0.0,0.0,2025-03,3,9.0,0.0,12.0,0.0,24.0,0.0,0.0,Content Marketing,Marketing,Free,Advanced,0.0,18.0,2.98,TC00042,Yolanda Levine,Machine Learning,21,4.97,16.497175141242938,4.2006214689265535
CR00019,2025-04,13,0.0,0.0,2025-04,4,15.0,0.0,13.0,0.0,39.0,0.0,0.0,Content Marketing,Marketing,Free,Advanced,0.0,18.0,2.98,TC00042,Yolanda Levine,Machine Learning,21,4.97,16.497175141242938,4.2006214689265535
CR00019,2025-05,20,0.0,0.0,2025-05,5,13.0,0.0,12.333333333333334,0.0,52.0,0.0,0.0,Content Marketing,Marketing,Free,Advanced,0.0,18.0,2.98,TC00042,Yolanda Levine,Machine Learning,21,4.97,16.497175141242938,4.2006214689265535
CR00019,2025-06,20,0.0,0.0,2025-06,6,20.0,0.0,16.0,0.0,72.0,0.0,0.0,Content Marketing,Marketing,Free,Advanced,0.0,18.0,2.98,TC00042,Yolanda Levine,Machine Learning,21,4.97,16.497175141242938,4.2006214689265535
CR00019,2025-07,15,0.0,0.0,2025-07,7,20.0,0.0,17.666666666666668,0.0,92.0,0.0,0.0,Content Marketing,Marketing,Free,Advanced,0.0,18.0,2.98,TC00042,Yolanda Levine,Machine Learning,21,4.97,16.497175141242938,4.2006214689265535
CR00019,2025-08,12,0.0,0.0,2025-08,8,15.0,0.0,18.333333333333332,0.0,107.0,0.0,0.0,Content Marketing,Marketing,Free,Advanced,0.0,18.0,2.98,TC00042,Yolanda Levine,Machine Learning,21,4.97,16.497175141242938,4.2006214689265535
CR00019,2025-09,14,0.0,0.0,2025-09,9,12.0,0.0,15.666666666666666,0.0,119.0,0.0,0.0,Content Marketing,Marketing,Free,Advanced,0.0,18.0,2.98,TC00042,Yolanda Levine,Machine Learning,21,4.97,16.497175141242938,4.2006214689265535
CR00019,2025-10,13,0.0,0.0,2025-10,10,14.0,0.0,13.666666666666666,0.0,133.0,0.0,0.0,Content Marketing,Marketing,Free,Advanced,0.0,18.0,2.98,TC00042,Yolanda Levine,Machine Learning,21,4.97,16.497175141242938,4.2006214689265535
CR00019,2025-11,16,0.0,0.0,2025-11,11,13.0,0.0,13.0,0.0,146.0,0.0,0.0,Content Marketing,Marketing,Free,Advanced,0.0,18.0,2.98,TC00042,Yolanda Levine,Machine Learning,21,4.97,16.497175141242938,4.2006214689265535
CR00019,2025-12,15,0.0,0.0,2025-12,12,16.0,0.0,14.333333333333334,0.0,162.0,0.0,0.0,Content Marketing,Marketing,Free,Advanced,0.0,18.0,2.98,TC00042,Yolanda Levine,Machine Learning,21,4.97,16.497175141242938,4.2006214689265535
CR00020,2025-01,13,0.0,0.0,2025-01,1,12.909090909090908,0.0,12.909090909090908,0.0,0.0,0.0,0.0,Email Marketing,Marketing,Free,Intermediate,0.0,46.25,4.11,TC00040,Kimberly Miller,Cybersecurity,24,4.58,16.16774193548387,4.090258064516129
CR00020,2025-02,10,0.0,0.0,2025-02,2,13.0,0.0,13.0,0.0,13.0,0.0,0.0,Email Marketing,Marketing,Free,Intermediate,0.0,46.25,4.11,TC00040,Kimberly Miller,Cybersecurity,24,4.58,16.16774193548387,4.090258064516129
CR00020,2025-03,13,0.0,0.0,2025-03,3,10.0,0.0,11.5,0.0,23.0,0.0,0.0,Email Marketing,Marketing,Free,Intermediate,0.0,46.25,4.11,TC00040,Kimberly Miller,Cybersecurity,24,4.58,16.16774193548387,4.090258064516129
CR00020,2025-04,8,0.0,0.0,2025-04,4,13.0,0.0,12.0,0.0,36.0,0.0,0.0,Email Marketing,Marketing,Free,Intermediate,0.0,46.25,4.11,TC00040,Kimberly Miller,Cybersecurity,24,4.58,16.16774193548387,4.090258064516129
CR00020,2025-05,11,0.0,0.0,2025-05,5,8.0,0.0,10.333333333333334,0.0,44.0,0.0,0.0,Email Marketing,Marketing,Free,Intermediate,0.0,46.25,4.11,TC00040,Kimberly Miller,Cybersecurity,24,4.58,16.16774193548387,4.090258064516129
CR00020,2025-06,20,0.0,0.0,2025-06,6,11.0,0.0,10.666666666666666,0.0,55.0,0.0,0.0,Email Marketing,Marketing,Free,Intermediate,0.0,46.25,4.11,TC00040,Kimberly Miller,Cybersecurity,24,4.58,16.16774193548387,4.090258064516129
CR00020,2025-07,9,0.0,0.0,2025-07,7,20.0,0.0,13.0,0.0,75.0,0.0,0.0,Email Marketing,Marketing,Free,Intermediate,0.0,46.25,4.11,TC00040,Kimberly Miller,Cybersecurity,24,4.58,16.16774193548387,4.090258064516129
CR00020,2025-08,14,0.0,0.0,2025-08,8,9.0,0.0,13.333333333333334,0.0,84.0,0.0,0.0,Email Marketing,Marketing,Free,Intermediate,0.0,46.25,4.11,TC00040,Kimberly Miller,Cybersecurity,24,4.58,16.16774193548387,4.090258064516129
CR00020,2025-09,15,0.0,0.0,2025-09,9,14.0,0.0,14.333333333333334,0.0,98.0,0.0,0.0,Email Marketing,Marketing,Free,Intermediate,0.0,46.25,4.11,TC00040,Kimberly Miller,Cybersecurity,24,4.58,16.16774193548387,4.090258064516129
CR00020,2025-10,13,0.0,0.0,2025-10,10,15.0,0.0,12.666666666666666,0.0,113.0,0.0,0.0,Email Marketing,Marketing,Free,Intermediate,0.0,46.25,4.11,TC00040,Kimberly Miller,Cybersecurity,24,4.58,16.16774193548387,4.090258064516129
CR00020,2025-11,16,0.0,0.0,2025-11,11,13.0,0.0,14.0,0.0,126.0,0.0,0.0,Email Marketing,Marketing,Free,Intermediate,0.0,46.25,4.11,TC00040,Kimberly Miller,Cybersecurity,24,4.58,16.16774193548387,4.090258064516129
CR00020,2025-12,13,0.0,0.0,2025-12,12,16.0,0.0,14.666666666666666,0.0,142.0,0.0,0.0,Email Marketing,Marketing,Free,Intermediate,0.0,46.25,4.11,TC00040,Kimberly Miller,Cybersecurity,24,4.58,16.16774193548387,4.090258064516129
CR00021,2025-01,17,0.0,0.0,2025-01,1,16.0,0.0,16.0,0.0,0.0,0.0,0.0,Data Analysis with Python,Data Science,Free,Intermediate,0.0,1.2,3.6,TC00040,Kimberly Miller,Cybersecurity,24,4.58,17.168367346938776,4.152448979591837
CR00021,2025-02,8,0.0,0.0,2025-02,2,17.0,0.0,17.0,0.0,17.0,0.0,0.0,Data Analysis with Python,Data Science,Free,Intermediate,0.0,1.2,3.6,TC00040,Kimberly Miller,Cybersecurity,24,4.58,17.168367346938776,4.152448979591837
CR00021,2025-03,18,0.0,0.0,2025-03,3,8.0,0.0,12.5,0.0,25.0,0.0,0.0,Data Analysis with Python,Data Science,Free,Intermediate,0.0,1.2,3.6,TC00040,Kimberly Miller,Cybersecurity,24,4.58,17.168367346938776,4.152448979591837
CR00021,2025-04,17,0.0,0.0,2025-04,4,18.0,0.0,14.333333333333334,0.0,43.0,0.0,0.0,Data Analysis with Python,Data Science,Free,Intermediate,0.0,1.2,3.6,TC00040,Kimberly Miller,Cybersecurity,24,4.58,17.168367346938776,4.152448979591837
CR00021,2025-05,18,0.0,0.0,2025-05,5,17.0,0.0,14.333333333333334,0.0,60.0,0.0,0.0,Data Analysis with Python,Data Science,Free,Intermediate,0.0,1.2,3.6,TC00040,Kimberly Miller,Cybersecurity,24,4.58,17.168367346938776,4.152448979591837
CR00021,2025-06,9,0.0,0.0,2025-06,6,18.0,0.0,17.666666666666668,0.0,78.0,0.0,0.0,Data Analysis with Python,Data Science,Free,Intermediate,0.0,1.2,3.6,TC00040,Kimberly Miller,Cybersecurity,24,4.58,17.168367346938776,4.152448979591837
CR00021,2025-07,23,0.0,0.0,2025-07,7,9.0,0.0,14.666666666666666,0.0,87.0,0.0,0.0,Data Analysis with Python,Data Science,Free,Intermediate,0.0,1.2,3.6,TC00040,Kimberly Miller,Cybersecurity,24,4.58,17.168367346938776,4.152448979591837
CR00021,2025-08,18,0.0,0.0,2025-08,8,23.0,0.0,16.666666666666668,0.0,110.0,0.0,0.0,Data Analysis with Python,Data Science,Free,Intermediate,0.0,1.2,3.6,TC00040,Kimberly Miller,Cybersecurity,24,4.58,17.168367346938776,4.152448979591837
CR00021,2025-09,19,0.0,0.0,2025-09,9,18.0,0.0,16.666666666666668,0.0,128.0,0.0,0.0,Data Analysis with Python,Data Science,Free,Intermediate,0.0,1.2,3.6,TC00040,Kimberly Miller,Cybersecurity,24,4.58,17.168367346938776,4.152448979591837
CR00021,2025-10,12,0.0,0.0,2025-10,10,19.0,0.0,20.0,0.0,147.0,0.0,0.0,Data Analysis with Python,Data Science,Free,Intermediate,0.0,1.2,3.6,TC00040,Kimberly Miller,Cybersecurity,24,4.58,17.168367346938776,4.152448979591837
CR00021,2025-11,17,0.0,0.0,2025-11,11,12.0,0.0,16.333333333333332,0.0,159.0,0.0,0.0,Data Analysis with Python,Data Science,Free,Intermediate,0.0,1.2,3.6,TC00040,Kimberly Miller,Cybersecurity,24,4.58,17.168367346938776,4.152448979591837
CR00021,2025-12,20,0.0,0.0,2025-12,12,17.0,0.0,16.0,0.0,176.0,0.0,0.0,Data Analysis with Python,Data Science,Free,Intermediate,0.0,1.2,3.6,TC00040,Kimberly Miller,Cybersecurity,24,4.58,17.168367346938776,4.152448979591837
CR00022,2025-01,19,0.0,0.0,2025-01,1,14.818181818181818,0.0,14.818181818181818,0.0,0.0,0.0,0.0,Data Visualization,Data Science,Free,Beginner,0.0,32.64,3.65,TC00040,Kimberly Miller,Cybersecurity,24,4.58,17.305084745762713,4.157627118644068
CR00022,2025-02,17,0.0,0.0,2025-02,2,19.0,0.0,19.0,0.0,19.0,0.0,0.0,Data Visualization,Data Science,Free,Beginner,0.0,32.64,3.65,TC00040,Kimberly Miller,Cybersecurity,24,4.58,17.305084745762713,4.157627118644068
CR00022,2025-03,18,0.0,0.0,2025-03,3,17.0,0.0,18.0,0.0,36.0,0.0,0.0,Data Visualization,Data Science,Free,Beginner,0.0,32.64,3.65,TC00040,Kimberly Miller,Cybersecurity,24,4.58,17.305084745762713,4.157627118644068
CR00022,2025-04,11,0.0,0.0,2025-04,4,18.0,0.0,18.0,0.0,54.0,0.0,0.0,Data Visualization,Data Science,Free,Beginner,0.0,32.64,3.65,TC00040,Kimberly Miller,Cybersecurity,24,4.58,17.305084745762713,4.157627118644068
CR00022,2025-05,13,0.0,0.0,2025-05,5,11.0,0.0,15.333333333333334,0.0,65.0,0.0,0.0,Data Visualization,Data Science,Free,Beginner,0.0,32.64,3.65,TC00040,Kimberly Miller,Cybersecurity,24,4.58,17.305084745762713,4.157627118644068
CR00022,2025-06,14,0.0,0.0,2025-06,6,13.0,0.0,14.0,0.0,78.0,0.0,0.0,Data Visualization,Data Science,Free,Beginner,0.0,32.64,3.65,TC00040,Kimberly Miller,Cybersecurity,24,4.58,17.305084745762713,4.157627118644068
CR00022,2025-07,11,0.0,0.0,2025-07,7,14.0,0.0,12.666666666666666,0.0,92.0,0.0,0.0,Data Visualization,Data Science,Free,Beginner,0.0,32.64,3.65,TC00040,Kimberly Miller,Cybersecurity,24,4.58,17.305084745762713,4.157627118644068
CR00022,2025-08,15,0.0,0.0,2025-08,8,11.0,0.0,12.666666666666666,0.0,103.0,0.0,0.0,Data Visualization,Data Science,Free,Beginner,0.0,32.64,3.65,TC00040,Kimberly Miller,Cybersecurity,24,4.58,17.305084745762713,4.157627118644068
CR00022,2025-09,18,0.0,0.0,2025-09,9,15.0,0.0,13.333333333333334,0.0,118.0,0.0,0.0,Data Visualization,Data Science,Free,Beginner,0.0,32.64,3.65,TC00040,Kimberly Miller,Cybersecurity,24,4.58,17.305084745762713,4.157627118644068
CR00022,2025-10,15,0.0,0.0,2025-10,10,18.0,0.0,14.666666666666666,0.0,136.0,0.0,0.0,Data Visualization,Data Science,Free,Beginner,0.0,32.64,3.65,TC00040,Kimberly Miller,Cybersecurity,24,4.58,17.305084745762713,4.157627118644068
CR00022,2025-11,12,0.0,0.0,2025-11,11,15.0,0.0,16.0,0.0,151.0,0.0,0.0,Data Visualization,Data Science,Free,Beginner,0.0,32.64,3.65,TC00040,Kimberly Miller,Cybersecurity,24,4.58,17.305084745762713,4.157627118644068
CR00022,2025-12,14,0.0,0.0,2025-12,12,12.0,0.0,15.0,0.0,163.0,0.0,0.0,Data Visualization,Data Science,Free,Beginner,0.0,32.64,3.65,TC00040,Kimberly Miller,Cybersecurity,24,4.58,17.305084745762713,4.157627118644068
CR00023,2025-01,15,0.0,0.0,2025-01,1,15.272727272727273,0.0,15.272727272727273,0.0,0.0,0.0,0.0,Machine Learning Fundamentals,Data Science,Free,Intermediate,0.0,9.71,3.02,TC00042,Yolanda Levine,Machine Learning,21,4.97,16.194594594594594,4.0725945945945945
CR00023,2025-02,18,0.0,0.0,2025-02,2,15.0,0.0,15.0,0.0,15.0,0.0,0.0,Machine Learning Fundamentals,Data Science,Free,Intermediate,0.0,9.71,3.02,TC00042,Yolanda Levine,Machine Learning,21,4.97,16.194594594594594,4.0725945945945945
CR00023,2025-03,15,0.0,0.0,2025-03,3,18.0,0.0,16.5,0.0,33.0,0.0,0.0,Machine Learning Fundamentals,Data Science,Free,Intermediate,0.0,9.71,3.02,TC00042,Yolanda Levine,Machine Learning,21,4.97,16.194594594594594,4.0725945945945945
CR00023,2025-04,18,0.0,0.0,2025-04,4,15.0,0.0,16.0,0.0,48.0,0.0,0.0,Machine Learning Fundamentals,Data Science,Free,Intermediate,0.0,9.71,3.02,TC00042,Yolanda Levine,Machine Learning,21,4.97,16.194594594594594,4.0725945945945945
CR00023,2025-05,16,0.0,0.0,2025-05,5,18.0,0.0,17.0,0.0,66.0,0.0,0.0,Machine Learning Fundamentals,Data Science,Free,Intermediate,0.0,9.71,3.02,TC00042,Yolanda Levine,Machine Learning,21,4.97,16.194594594594594,4.0725945945945945
CR00023,2025-06,17,0.0,0.0,2025-06,6,16.0,0.0,16.333333333333332,0.0,82.0,0.0,0.0,Machine Learning Fundamentals,Data Science,Free,Intermediate,0.0,9.71,3.02,TC00042,Yolanda Levine,Machine Learning,21,4.97,16.194594594594594,4.0725945945945945
CR00023,2025-07,22,0.0,0.0,2025-07,7,17.0,0.0,17.0,0.0,99.0,0.0,0.0,Machine Learning Fundamentals,Data Science,Free,Intermediate,0.0,9.71,3.02,TC00042,Yolanda Levine,Machine Learning,21,4.97,16.194594594594594,4.0725945945945945
CR00023,2025-08,11,0.0,0.0,2025-08,8,22.0,0.0,18.333333333333332,0.0,121.0,0.0,0.0,Machine Learning Fundamentals,Data Science,Free,Intermediate,0.0,9.71,3.02,TC00042,Yolanda Levine,Machine Learning,21,4.97,16.194594594594594,4.0725945945945945
CR00023,2025-09,11,0.0,0.0,2025-09,9,11.0,0.0,16.666666666666668,0.0,132.0,0.0,0.0,Machine Learning Fundamentals,Data Science,Free,Intermediate,0.0,9.71,3.02,TC00042,Yolanda Levine,Machine Learning,21,4.97,16.194594594594594,4.0725945945945945
CR00023,2025-10,12,0.0,0.0,2025-10,10,11.0,0.0,14.666666666666666,0.0,143.0,0.0,0.0,Machine Learning Fundamentals,Data Science,Free,Intermediate,0.0,9.71,3.02,TC00042,Yolanda Levine,Machine Learning,21,4.97,16.194594594594594,4.0725945945945945
CR00023,2025-11,13,0.0,0.0,2025-11,11,12.0,0.0,11.333333333333334,0.0,155.0,0.0,0.0,Machine Learning Fundamentals,Data Science,Free,Intermediate,0.0,9.71,3.02,TC00042,Yolanda Levine,Machine Learning,21,4.97,16.194594594594594,4.0725945945945945
CR00023,2025-12,17,0.0,0.0,2025-12,12,13.0,0.0,12.0,0.0,168.0,0.0,0.0,Machine Learning Fundamentals,Data Science,Free,Intermediate,0.0,9.71,3.02,TC00042,Yolanda Levine,Machine Learning,21,4.97,16.194594594594594,4.0725945945945945
CR00024,2025-01,9,1059.1200000000001,117.68,2025-01,1,13.818181818181818,1626.1236363636365,13.818181818181818,1626.1236363636365,0.0,0.0,0.0,Big Data Analytics,Data Science,Paid,Advanced,117.68,48.09,2.57,TC00042,Yolanda Levine,Machine Learning,21,4.97,16.55421686746988,4.141867469879518
CR00024,2025-02,10,1176.8000000000002,117.68000000000002,2025-02,2,9.0,1059.1200000000001,9.0,1059.1200000000001,9.0,1059.1200000000001,117.68,Big Data Analytics,Data Science,Paid,Advanced,117.68,48.09,2.57,TC00042,Yolanda Levine,Machine Learning,21,4.97,16.55421686746988,4.141867469879518
CR00024,2025-03,12,1412.16,117.68,2025-03,3,10.0,1176.8000000000002,9.5,1117.96,19.0,2235.92,117.68,Big Data Analytics,Data Science,Paid,Advanced,117.68,48.09,2.57,TC00042,Yolanda Levine,Machine Learning,21,4.97,16.55421686746988,4.141867469879518
CR00024,2025-04,11,1294.48,117.68,2025-04,4,12.0,1412.16,10.333333333333334,1216.0266666666669,31.0,3648.08,117.67999999999999,Big Data Analytics,Data Science,Paid,Advanced,117.68,48.09,2.57,TC00042,Yolanda Levine,Machine Learning,21,4.97,16.55421686746988,4.141867469879518
CR00024,2025-05,14,1647.52,117.67999999999999,2025-05,5,11.0,1294.48,11.0,1294.48,42.0,4942.5599999999995,117.67999999999999,Big Data Analytics,Data Science,Paid,Advanced,117.68,48.09,2.57,TC00042,Yolanda Levine,Machine Learning,21,4.97,16.55421686746988,4.141867469879518
CR00024,2025-06,24,2824.32,117.68,2025-06,6,14.0,1647.52,12.333333333333334,1451.3866666666665,56.0,6590.08,117.67999999999999,Big Data Analytics,Data Science,Paid,Advanced,117.68,48.09,2.57,TC00042,Yolanda Levine,Machine Learning,21,4.97,16.55421686746988,4.141867469879518
CR00024,2025-07,16,1882.88,117.68,2025-07,7,24.0,2824.32,16.333333333333332,1922.1066666666666,80.0,9414.4,117.67999999999999,Big Data Analytics,Data Science,Paid,Advanced,117.68,48.09,2.57,TC00042,Yolanda Levine,Machine Learning,21,4.97,16.55421686746988,4.141867469879518
CR00024,2025-08,8,941.44,117.68,2025-08,8,16.0,1882.88,18.0,2118.2400000000002,96.0,11297.279999999999,117.67999999999999,Big Data Analytics,Data Science,Paid,Advanced,117.68,48.09,2.57,TC00042,Yolanda Levine,Machine Learning,21,4.97,16.55421686746988,4.141867469879518
CR00024,2025-09,17,2000.5600000000002,117.68,2025-09,9,8.0,941.44,16.0,1882.88,104.0,12238.72,117.67999999999999,Big Data Analytics,Data Science,Paid,Advanced,117.68,48.09,2.57,TC00042,Yolanda Levine,Machine Learning,21,4.97,16.55421686746988,4.141867469879518
CR00024,2025-10,13,1529.8400000000001,117.68,2025-10,10,17.0,2000.5600000000002,13.666666666666666,1608.2933333333333,121.0,14239.279999999999,117.67999999999999,Big Data Analytics,Data Science,Paid,Advanced,117.68,48.09,2.57,TC00042,Yolanda Levine,Machine Learning,21,4.97,16.55421686746988,4.141867469879518
CR00024,2025-11,18,2118.2400000000002,117.68,2025-11,11,13.0,1529.8400000000001,12.666666666666666,1490.6133333333335,134.0,15769.119999999999,117.67999999999999,Big Data Analytics,Data Science,Paid,Advanced,117.68,48.09,2.57,TC00042,Yolanda Levine,Machine Learning,21,4.97,16.55421686746988,4.141867469879518
CR00024,2025-12,14,1647.52,117.67999999999999,2025-12,12,18.0,2118.2400000000002,16.0,1882.8800000000003,152.0,17887.36,117.68,Big Data Analytics,Data Science,Paid,Advanced,117.68,48.09,2.57,TC00042,Yolanda Levine,Machine Learning,21,4.97,16.55421686746988,4.141867469879518
CR00025,2025-01,15,4493.55,299.57,2025-01,1,16.0,4793.120000000001,16.0,4793.120000000001,0.0,0.0,0.0,Statistical Analysis,Data Science,Paid,Beginner,299.57,48.32,3.74,TC00042,Yolanda Levine,Machine Learning,21,4.97,16.489583333333332,4.13109375
CR00025,2025-02,16,4793.12,299.57,2025-02,2,15.0,4493.55,15.0,4493.55,15.0,4493.55,299.57,Statistical Analysis,Data Science,Paid,Beginner,299.57,48.32,3.74,TC00042,Yolanda Levine,Machine Learning,21,4.97,16.489583333333332,4.13109375
CR00025,2025-03,19,5691.83,299.57,2025-03,3,16.0,4793.12,15.5,4643.335,31.0,9286.67,299.57,Statistical Analysis,Data Science,Paid,Beginner,299.57,48.32,3.74,TC00042,Yolanda Levine,Machine Learning,21,4.97,16.489583333333332,4.13109375
CR00025,2025-04,23,6890.11,299.57,2025-04,4,19.0,5691.83,16.666666666666668,4992.833333333333,50.0,14978.5,299.57,Statistical Analysis,Data Science,Paid,Beginner,299.57,48.32,3.74,TC00042,Yolanda Levine,Machine Learning,21,4.97,16.489583333333332,4.13109375
CR00025,2025-05,24,7189.68,299.57,2025-05,5,23.0,6890.11,19.333333333333332,5791.686666666667,73.0,21868.61,299.57,Statistical Analysis,Data Science,Paid,Beginner,299.57,48.32,3.74,TC00042,Yolanda Levine,Machine Learning,21,4.97,16.489583333333332,4.13109375
CR00025,2025-06,9,2696.13,299.57,2025-06,6,24.0,7189.68,22.0,6590.54,97.0,29058.29,299.57,Statistical Analysis,Data Science,Paid,Beginner,299.57,48.32,3.74,TC00042,Yolanda Levine,Machine Learning,21,4.97,16.489583333333332,4.13109375
CR00025,2025-07,10,2995.7,299.57,2025-07,7,9.0,2696.13,18.666666666666668,5591.973333333332,106.0,31754.420000000002,299.57,Statistical Analysis,Data Science,Paid,Beginner,299.57,48.32,3.74,TC00042,Yolanda Levine,Machine Learning,21,4.97,16.489583333333332,4.13109375
CR00025,2025-08,15,4493.55,299.57,2025-08,8,10.0,2995.7,14.333333333333334,4293.836666666666,116.0,34750.12,299.57000000000005,Statistical Analysis,Data Science,Paid,Beginner,299.57,48.32,3.74,TC00042,Yolanda Levine,Machine Learning,21,4.97,16.489583333333332,4.13109375
CR00025,2025-09,20,5991.4,299.57,2025-09,9,15.0,4493.55,11.333333333333334,3395.126666666667,131.0,39243.670000000006,299.57000000000005,Statistical Analysis,Data Science,Paid,Beginner,299.57,48.32,3.74,TC00042,Yolanda Levine,Machine Learning,21,4.97,16.489583333333332,4.13109375
CR00025,2025-10,12,3594.84,299.57,2025-10,10,20.0,5991.4,15.0,4493.55,151.0,45235.07000000001,299.57000000000005,Statistical Analysis,Data Science,Paid,Beginner,299.57,48.32,3.74,TC00042,Yolanda Levine,Machine Learning,21,4.97,16.489583333333332,4.13109375
CR00025,2025-11,13,3894.41,299.57,2025-11,11,12.0,3594.84,15.666666666666666,4693.263333333333,163.0,48829.91,299.57,Statistical Analysis,Data Science,Paid,Beginner,299.57,48.32,3.74,TC00042,Yolanda Levine,Machine Learning,21,4.97,16.489583333333332,4.13109375
CR00025,2025-12,16,4793.12,299.57,2025-12,12,13.0,3894.41,15.0,4493.55,176.0,52724.32000000001,299.57000000000005,Statistical Analysis,Data Science,Paid,Beginner,299.57,48.32,3.74,TC00042,Yolanda Levine,Machine Learning,21,4.97,16.489583333333332,4.13109375
CR00026,2025-01,14,0.0,0.0,2025-01,1,14.727272727272727,0.0,14.727272727272727,0.0,0.0,0.0,0.0,Intro to Machine Learning,Machine Learning,Free,Intermediate,0.0,47.7,4.73,TC00042,Yolanda Levine,Machine Learning,21,4.97,14.05813953488372,4.291627906976744
CR00026,2025-02,16,0.0,0.0,2025-02,2,14.0,0.0,14.0,0.0,14.0,0.0,0.0,Intro to Machine Learning,Machine Learning,Free,Intermediate,0.0,47.7,4.73,TC00042,Yolanda Levine,Machine Learning,21,4.97,14.05813953488372,4.291627906976744
CR00026,2025-03,11,0.0,0.0,2025-03,3,16.0,0.0,15.0,0.0,30.0,0.0,0.0,Intro to Machine Learning,Machine Learning,Free,Intermediate,0.0,47.7,4.73,TC00042,Yolanda Levine,Machine Learning,21,4.97,14.05813953488372,4.291627906976744
CR00026,2025-04,14,0.0,0.0,2025-04,4,11.0,0.0,13.666666666666666,0.0,41.0,0.0,0.0,Intro to Machine Learning,Machine Learning,Free,Intermediate,0.0,47.7,4.73,TC00042,Yolanda Levine,Machine Learning,21,4.97,14.05813953488372,4.291627906976744
CR00026,2025-05,16,0.0,0.0,2025-05,5,14.0,0.0,13.666666666666666,0.0,55.0,0.0,0.0,Intro to Machine Learning,Machine Learning,Free,Intermediate,0.0,47.7,4.73,TC00042,Yolanda Levine,Machine Learning,21,4.97,14.05813953488372,4.291627906976744
CR00026,2025-06,15,0.0,0.0,2025-06,6,16.0,0.0,13.666666666666666,0.0,71.0,0.0,0.0,Intro to Machine Learning,Machine Learning,Free,Intermediate,0.0,47.7,4.73,TC00042,Yolanda Levine,Machine Learning,21,4.97,14.05813953488372,4.291627906976744
CR00026,2025-07,15,0.0,0.0,2025-07,7,15.0,0.0,15.0,0.0,86.0,0.0,0.0,Intro to Machine Learning,Machine Learning,Free,Intermediate,0.0,47.7,4.73,TC00042,Yolanda Levine,Machine Learning,21,4.97,14.05813953488372,4.291627906976744
CR00026,2025-08,18,0.0,0.0,2025-08,8,15.0,0.0,15.333333333333334,0.0,101.0,0.0,0.0,Intro to Machine Learning,Machine Learning,Free,Intermediate,0.0,47.7,4.73,TC00042,Yolanda Levine,Machine Learning,21,4.97,14.05813953488372,4.291627906976744
CR00026,2025-09,20,0.0,0.0,2025-09,9,18.0,0.0,16.0,0.0,119.0,0.0,0.0,Intro to Machine Learning,Machine Learning,Free,Intermediate,0.0,47.7,4.73,TC00042,Yolanda Levine,Machine Learning,21,4.97,14.05813953488372,4.291627906976744
CR00026,2025-10,12,0.0,0.0,2025-10,10,20.0,0.0,17.666666666666668,0.0,139.0,0.0,0.0,Intro to Machine Learning,Machine Learning,Free,Intermediate,0.0,47.7,4.73,TC00042,Yolanda Levine,Machine Learning,21,4.97,14.05813953488372,4.291627906976744
CR00026,2025-11,11,0.0,0.0,2025-11,11,12.0,0.0,16.666666666666668,0.0,151.0,0.0,0.0,Intro to Machine Learning,Machine Learning,Free,Intermediate,0.0,47.7,4.73,TC00042,Yolanda Levine,Machine Learning,21,4.97,14.05813953488372,4.291627906976744
CR00026,2025-12,10,0.0,0.0,2025-12,12,11.0,0.0,14.333333333333334,0.0,162.0,0.0,0.0,Intro to Machine Learning,Machine Learning,Free,Intermediate,0.0,47.7,4.73,TC00042,Yolanda Levine,Machine Learning,21,4.97,14.05813953488372,4.291627906976744
CR00027,2025-01,13,0.0,0.0,2025-01,1,12.909090909090908,0.0,12.909090909090908,0.0,0.0,0.0,0.0,Neural Networks,Machine Learning,Free,Advanced,0.0,9.3,1.81,TC00042,Yolanda Levine,Machine Learning,21,4.97,14.493421052631579,4.269934210526316
CR00027,2025-02,12,0.0,0.0,2025-02,2,13.0,0.0,13.0,0.0,13.0,0.0,0.0,Neural Networks,Machine Learning,Free,Advanced,0.0,9.3,1.81,TC00042,Yolanda Levine,Machine Learning,21,4.97,14.493421052631579,4.269934210526316
CR00027,2025-03,8,0.0,0.0,2025-03,3,12.0,0.0,12.5,0.0,25.0,0.0,0.0,Neural Networks,Machine Learning,Free,Advanced,0.0,9.3,1.81,TC00042,Yolanda Levine,Machine Learning,21,4.97,14.493421052631579,4.269934210526316
CR00027,2025-04,10,0.0,0.0,2025-04,4,8.0,0.0,11.0,0.0,33.0,0.0,0.0,Neural Networks,Machine Learning,Free,Advanced,0.0,9.3,1.81,TC00042,Yolanda Levine,Machine Learning,21,4.97,14.493421052631579,4.269934210526316
CR00027,2025-05,16,0.0,0.0,2025-05,5,10.0,0.0,10.0,0.0,43.0,0.0,0.0,Neural Networks,Machine Learning,Free,Advanced,0.0,9.3,1.81,TC00042,Yolanda Levine,Machine Learning,21,4.97,14.493421052631579,4.269934210526316
CR00027,2025-06,13,0.0,0.0,2025-06,6,16.0,0.0,11.333333333333334,0.0,59.0,0.0,0.0,Neural Networks,Machine Learning,Free,Advanced,0.0,9.3,1.81,TC00042,Yolanda Levine,Machine Learning,21,4.97,14.493421052631579,4.269934210526316
CR00027,2025-07,14,0.0,0.0,2025-07,7,13.0,0.0,13.0,0.0,72.0,0.0,0.0,Neural Networks,Machine Learning,Free,Advanced,0.0,9.3,1.81,TC00042,Yolanda Levine,Machine Learning,21,4.97,14.493421052631579,4.269934210526316
CR00027,2025-08,18,0.0,0.0,2025-08,8,14.0,0.0,14.333333333333334,0.0,86.0,0.0,0.0,Neural Networks,Machine Learning,Free,Advanced,0.0,9.3,1.81,TC00042,Yolanda Levine,Machine Learning,21,4.97,14.493421052631579,4.269934210526316
CR00027,2025-09,10,0.0,0.0,2025-09,9,18.0,0.0,15.0,0.0,104.0,0.0,0.0,Neural Networks,Machine Learning,Free,Advanced,0.0,9.3,1.81,TC00042,Yolanda Levine,Machine Learning,21,4.97,14.493421052631579,4.269934210526316
CR00027,2025-10,10,0.0,0.0,2025-10,10,10.0,0.0,14.0,0.0,114.0,0.0,0.0,Neural Networks,Machine Learning,Free,Advanced,0.0,9.3,1.81,TC00042,Yolanda Levine,Machine Learning,21,4.97,14.493421052631579,4.269934210526316
CR00027,2025-11,18,0.0,0.0,2025-11,11,10.0,0.0,12.666666666666666,0.0,124.0,0.0,0.0,Neural Networks,Machine Learning,Free,Advanced,0.0,9.3,1.81,TC00042,Yolanda Levine,Machine Learning,21,4.97,14.493421052631579,4.269934210526316
CR00027,2025-12,10,0.0,0.0,2025-12,12,18.0,0.0,12.666666666666666,0.0,142.0,0.0,0.0,Neural Networks,Machine Learning,Free,Advanced,0.0,9.3,1.81,TC00042,Yolanda Levine,Machine Learning,21,4.97,14.493421052631579,4.269934210526316
CR00028,2025-01,17,13.26,0.78,2025-01,1,14.545454545454545,11.345454545454546,14.545454545454545,11.345454545454546,0.0,0.0,0.0,Deep Learning,Machine Learning,Paid,Advanced,0.78,44.96,3.89,TC00042,Yolanda Levine,Machine Learning,21,4.97,13.836257309941521,4.208128654970761
CR00028,2025-02,10,7.800000000000001,0.78,2025-02,2,17.0,13.26,17.0,13.26,17.0,13.26,0.78,Deep Learning,Machine Learning,Paid,Advanced,0.78,44.96,3.89,TC00042,Yolanda Levine,Machine Learning,21,4.97,13.836257309941521,4.208128654970761
CR00028,2025-03,20,15.600000000000001,0.78,2025-03,3,10.0,7.800000000000001,13.5,10.530000000000001,27.0,21.060000000000002,0.7800000000000001,Deep Learning,Machine Learning,Paid,Advanced,0.78,44.96,3.89,TC00042,Yolanda Levine,Machine Learning,21,4.97,13.836257309941521,4.208128654970761
CR00028,2025-04,16,12.48,0.78,2025-04,4,20.0,15.600000000000001,15.666666666666666,12.22,47.0,36.660000000000004,0.78,Deep Learning,Machine Learning,Paid,Advanced,0.78,44.96,3.89,TC00042,Yolanda Levine,Machine Learning,21,4.97,13.836257309941521,4.208128654970761
CR00028,2025-05,15,11.700000000000001,0.78,2025-05,5,16.0,12.48,15.333333333333334,11.96,63.0,49.14,0.78,Deep Learning,Machine Learning,Paid,Advanced,0.78,44.96,3.89,TC00042,Yolanda Levine,Machine Learning,21,4.97,13.836257309941521,4.208128654970761
CR00028,2025-06,16,12.48,0.78,2025-06,6,15.0,11.700000000000001,17.0,13.26,78.0,60.84,0.78,Deep Learning,Machine Learning,Paid,Advanced,0.78,44.96,3.89,TC00042,Yolanda Levine,Machine Learning,21,4.97,13.836257309941521,4.208128654970761
CR00028,2025-07,16,12.48,0.78,2025-07,7,16.0,12.48,15.666666666666666,12.219999999999999,94.0,73.32000000000001,0.78,Deep Learning,Machine Learning,Paid,Advanced,0.78,44.96,3.89,TC00042,Yolanda Levine,Machine Learning,21,4.97,13.836257309941521,4.208128654970761
CR00028,2025-08,15,11.700000000000001,0.78,2025-08,8,16.0,12.48,15.666666666666666,12.22,110.0,85.80000000000001,0.7800000000000001,Deep Learning,Machine Learning,Paid,Advanced,0.78,44.96,3.89,TC00042,Yolanda Levine,Machine Learning,21,4.97,13.836257309941521,4.208128654970761
CR00028,2025-09,16,12.48,0.78,2025-09,9,15.0,11.700000000000001,15.666666666666666,12.22,125.0,97.50000000000001,0.7800000000000001,Deep Learning,Machine Learning,Paid,Advanced,0.78,44.96,3.89,TC00042,Yolanda Levine,Machine Learning,21,4.97,13.836257309941521,4.208128654970761
CR00028,2025-10,10,7.800000000000001,0.78,2025-10,10,16.0,12.48,15.666666666666666,12.22,141.0,109.98000000000002,0.7800000000000001,Deep Learning,Machine Learning,Paid,Advanced,0.78,44.96,3.89,TC00042,Yolanda Levine,Machine Learning,21,4.97,13.836257309941521,4.208128654970761
CR00028,2025-11,9,7.0200000000000005,0.78,2025-11,11,10.0,7.800000000000001,13.666666666666666,10.660000000000002,151.0,117.78000000000002,0.7800000000000001,Deep Learning,Machine Learning,Paid,Advanced,0.78,44.96,3.89,TC00042,Yolanda Levine,Machine Learning,21,4.97,13.836257309941521,4.208128654970761
CR00028,2025-12,11,8.58,0.78,2025-12,12,9.0,7.0200000000000005,11.666666666666666,9.1,160.0,124.80000000000001,0.78,Deep Learning,Machine Learning,Paid,Advanced,0.78,44.96,3.89,TC00042,Yolanda Levine,Machine Learning,21,4.97,13.836257309941521,4.208128654970761
CR00029,2025-01,14,0.0,0.0,2025-01,1,13.181818181818182,0.0,13.181818181818182,0.0,0.0,0.0,0.0,Natural Language Processing,Machine Learning,Free,Beginner,0.0,16.33,1.13,TC00042,Yolanda Levine,Machine Learning,21,4.97,14.36774193548387,4.360129032258064
CR00029,2025-02,9,0.0,0.0,2025-02,2,14.0,0.0,14.0,0.0,14.0,0.0,0.0,Natural Language Processing,Machine Learning,Free,Beginner,0.0,16.33,1.13,TC00042,Yolanda Levine,Machine Learning,21,4.97,14.36774193548387,4.360129032258064
CR00029,2025-03,11,0.0,0.0,2025-03,3,9.0,0.0,11.5,0.0,23.0,0.0,0.0,Natural Language Processing,Machine Learning,Free,Beginner,0.0,16.33,1.13,TC00042,Yolanda Levine,Machine Learning,21,4.97,14.36774193548387,4.360129032258064
CR00029,2025-04,15,0.0,0.0,2025-04,4,11.0,0.0,11.333333333333334,0.0,34.0,0.0,0.0,Natural Language Processing,Machine Learning,Free,Beginner,0.0,16.33,1.13,TC00042,Yolanda Levine,Machine Learning,21,4.97,14.36774193548387,4.360129032258064
CR00029,2025-05,15,0.0,0.0,2025-05,5,15.0,0.0,11.666666666666666,0.0,49.0,0.0,0.0,Natural Language Processing,Machine Learning,Free,Beginner,0.0,16.33,1.13,TC00042,Yolanda Levine,Machine Learning,21,4.97,14.36774193548387,4.360129032258064
CR00029,2025-06,16,0.0,0.0,2025-06,6,15.0,0.0,13.666666666666666,0.0,64.0,0.0,0.0,Natural Language Processing,Machine Learning,Free,Beginner,0.0,16.33,1.13,TC00042,Yolanda Levine,Machine Learning,21,4.97,14.36774193548387,4.360129032258064
CR00029,2025-07,9,0.0,0.0,2025-07,7,16.0,0.0,15.333333333333334,0.0,80.0,0.0,0.0,Natural Language Processing,Machine Learning,Free,Beginner,0.0,16.33,1.13,TC00042,Yolanda Levine,Machine Learning,21,4.97,14.36774193548387,4.360129032258064
CR00029,2025-08,13,0.0,0.0,2025-08,8,9.0,0.0,13.333333333333334,0.0,89.0,0.0,0.0,Natural Language Processing,Machine Learning,Free,Beginner,0.0,16.33,1.13,TC00042,Yolanda Levine,Machine Learning,21,4.97,14.36774193548387,4.360129032258064
CR00029,2025-09,21,0.0,0.0,2025-09,9,13.0,0.0,12.666666666666666,0.0,102.0,0.0,0.0,Natural Language Processing,Machine Learning,Free,Beginner,0.0,16.33,1.13,TC00042,Yolanda Levine,Machine Learning,21,4.97,14.36774193548387,4.360129032258064
CR00029,2025-10,14,0.0,0.0,2025-10,10,21.0,0.0,14.333333333333334,0.0,123.0,0.0,0.0,Natural Language Processing,Machine Learning,Free,Beginner,0.0,16.33,1.13,TC00042,Yolanda Levine,Machine Learning,21,4.97,14.36774193548387,4.360129032258064
CR00029,2025-11,8,0.0,0.0,2025-11,11,14.0,0.0,16.0,0.0,137.0,0.0,0.0,Natural Language Processing,Machine Learning,Free,Beginner,0.0,16.33,1.13,TC00042,Yolanda Levine,Machine Learning,21,4.97,14.36774193548387,4.360129032258064
CR00029,2025-12,10,0.0,0.0,2025-12,12,8.0,0.0,14.333333333333334,0.0,145.0,0.0,0.0,Natural Language Processing,Machine Learning,Free,Beginner,0.0,16.33,1.13,TC00042,Yolanda Levine,Machine Learning,21,4.97,14.36774193548387,4.360129032258064
CR00030,2025-01,12,0.0,0.0,2025-01,1,13.181818181818182,0.0,13.181818181818182,0.0,0.0,0.0,0.0,Reinforcement Learning,Machine Learning,Free,Intermediate,0.0,38.49,1.73,TC00042,Yolanda Levine,Machine Learning,21,4.97,14.91715976331361,4.302426035502958
CR00030,2025-02,9,0.0,0.0,2025-02,2,12.0,0.0,12.0,0.0,12.0,0.0,0.0,Reinforcement Learning,Machine Learning,Free,Intermediate,0.0,38.49,1.73,TC00042,Yolanda Levine,Machine Learning,21,4.97,14.91715976331361,4.302426035502958
CR00030,2025-03,12,0.0,0.0,2025-03,3,9.0,0.0,10.5,0.0,21.0,0.0,0.0,Reinforcement Learning,Machine Learning,Free,Intermediate,0.0,38.49,1.73,TC00042,Yolanda Levine,Machine Learning,21,4.97,14.91715976331361,4.302426035502958
CR00030,2025-04,13,0.0,0.0,2025-04,4,12.0,0.0,11.0,0.0,33.0,0.0,0.0,Reinforcement Learning,Machine Learning,Free,Intermediate,0.0,38.49,1.73,TC00042,Yolanda Levine,Machine Learning,21,4.97,14.91715976331361,4.302426035502958
CR00030,2025-05,12,0.0,0.0,2025-05,5,13.0,0.0,11.333333333333334,0.0,46.0,0.0,0.0,Reinforcement Learning,Machine Learning,Free,Intermediate,0.0,38.49,1.73,TC00042,Yolanda Levine,Machine Learning,21,4.97,14.91715976331361,4.302426035502958
CR00030,2025-06,15,0.0,0.0,2025-06,6,12.0,0.0,12.333333333333334,0.0,58.0,0.0,0.0,Reinforcement Learning,Machine Learning,Free,Intermediate,0.0,38.49,1.73,TC00042,Yolanda Levine,Machine Learning,21,4.97,14.91715976331361,4.302426035502958
CR00030,2025-07,10,0.0,0.0,2025-07,7,15.0,0.0,13.333333333333334,0.0,73.0,0.0,0.0,Reinforcement Learning,Machine Learning,Free,Intermediate,0.0,38.49,1.73,TC00042,Yolanda Levine,Machine Learning,21,4.97,14.91715976331361,4.302426035502958
CR00030,2025-08,16,0.0,0.0,2025-08,8,10.0,0.0,12.333333333333334,0.0,83.0,0.0,0.0,Reinforcement Learning,Machine Learning,Free,Intermediate,0.0,38.49,1.73,TC00042,Yolanda Levine,Machine Learning,21,4.97,14.91715976331361,4.302426035502958
CR00030,2025-09,20,0.0,0.0,2025-09,9,16.0,0.0,13.666666666666666,0.0,99.0,0.0,0.0,Reinforcement Learning,Machine Learning,Free,Intermediate,0.0,38.49,1.73,TC00042,Yolanda Levine,Machine Learning,21,4.97,14.91715976331361,4.302426035502958
CR00030,2025-10,12,0.0,0.0,2025-10,10,20.0,0.0,15.333333333333334,0.0,119.0,0.0,0.0,Reinforcement Learning,Machine Learning,Free,Intermediate,0.0,38.49,1.73,TC00042,Yolanda Levine,Machine Learning,21,4.97,14.91715976331361,4.302426035502958
CR00030,2025-11,14,0.0,0.0,2025-11,11,12.0,0.0,16.0,0.0,131.0,0.0,0.0,Reinforcement Learning,Machine Learning,Free,Intermediate,0.0,38.49,1.73,TC00042,Yolanda Levine,Machine Learning,21,4.97,14.91715976331361,4.302426035502958
CR00030,2025-12,24,0.0,0.0,2025-12,12,14.0,0.0,15.333333333333334,0.0,145.0,0.0,0.0,Reinforcement Learning,Machine Learning,Free,Intermediate,0.0,38.49,1.73,TC00042,Yolanda Levine,Machine Learning,21,4.97,14.91715976331361,4.302426035502958
CR00031,2025-01,10,0.0,0.0,2025-01,1,13.454545454545455,0.0,13.454545454545455,0.0,0.0,0.0,0.0,Network Security,Cybersecurity,Free,Intermediate,0.0,26.52,1.91,TC00040,Kimberly Miller,Cybersecurity,24,4.58,15.33125,3.7743124999999997
CR00031,2025-02,12,0.0,0.0,2025-02,2,10.0,0.0,10.0,0.0,10.0,0.0,0.0,Network Security,Cybersecurity,Free,Intermediate,0.0,26.52,1.91,TC00040,Kimberly Miller,Cybersecurity,24,4.58,15.33125,3.7743124999999997
CR00031,2025-03,9,0.0,0.0,2025-03,3,12.0,0.0,11.0,0.0,22.0,0.0,0.0,Network Security,Cybersecurity,Free,Intermediate,0.0,26.52,1.91,TC00040,Kimberly Miller,Cybersecurity,24,4.58,15.33125,3.7743124999999997
CR00031,2025-04,10,0.0,0.0,2025-04,4,9.0,0.0,10.333333333333334,0.0,31.0,0.0,0.0,Network Security,Cybersecurity,Free,Intermediate,0.0,26.52,1.91,TC00040,Kimberly Miller,Cybersecurity,24,4.58,15.33125,3.7743124999999997
CR00031,2025-05,13,0.0,0.0,2025-05,5,10.0,0.0,10.333333333333334,0.0,41.0,0.0,0.0,Network Security,Cybersecurity,Free,Intermediate,0.0,26.52,1.91,TC00040,Kimberly Miller,Cybersecurity,24,4.58,15.33125,3.7743124999999997
CR00031,2025-06,17,0.0,0.0,2025-06,6,13.0,0.0,10.666666666666666,0.0,54.0,0.0,0.0,Network Security,Cybersecurity,Free,Intermediate,0.0,26.52,1.91,TC00040,Kimberly Miller,Cybersecurity,24,4.58,15.33125,3.7743124999999997
CR00031,2025-07,18,0.0,0.0,2025-07,7,17.0,0.0,13.333333333333334,0.0,71.0,0.0,0.0,Network Security,Cybersecurity,Free,Intermediate,0.0,26.52,1.91,TC00040,Kimberly Miller,Cybersecurity,24,4.58,15.33125,3.7743124999999997
CR00031,2025-08,14,0.0,0.0,2025-08,8,18.0,0.0,16.0,0.0,89.0,0.0,0.0,Network Security,Cybersecurity,Free,Intermediate,0.0,26.52,1.91,TC00040,Kimberly Miller,Cybersecurity,24,4.58,15.33125,3.7743124999999997
CR00031,2025-09,15,0.0,0.0,2025-09,9,14.0,0.0,16.333333333333332,0.0,103.0,0.0,0.0,Network Security,Cybersecurity,Free,Intermediate,0.0,26.52,1.91,TC00040,Kimberly Miller,Cybersecurity,24,4.58,15.33125,3.7743124999999997
CR00031,2025-10,17,0.0,0.0,2025-10,10,15.0,0.0,15.666666666666666,0.0,118.0,0.0,0.0,Network Security,Cybersecurity,Free,Intermediate,0.0,26.52,1.91,TC00040,Kimberly Miller,Cybersecurity,24,4.58,15.33125,3.7743124999999997
CR00031,2025-11,13,0.0,0.0,2025-11,11,17.0,0.0,15.333333333333334,0.0,135.0,0.0,0.0,Network Security,Cybersecurity,Free,Intermediate,0.0,26.52,1.91,TC00040,Kimberly Miller,Cybersecurity,24,4.58,15.33125,3.7743124999999997
CR00031,2025-12,12,0.0,0.0,2025-12,12,13.0,0.0,15.0,0.0,148.0,0.0,0.0,Network Security,Cybersecurity,Free,Intermediate,0.0,26.52,1.91,TC00040,Kimberly Miller,Cybersecurity,24,4.58,15.33125,3.7743124999999997
CR00032,2025-01,12,0.0,0.0,2025-01,1,13.454545454545455,0.0,13.454545454545455,0.0,0.0,0.0,0.0,Ethical Hacking,Cybersecurity,Free,Advanced,0.0,16.74,2.38,TC00040,Kimberly Miller,Cybersecurity,24,4.58,15.889570552147239,3.8412883435582823
CR00032,2025-02,10,0.0,0.0,2025-02,2,12.0,0.0,12.0,0.0,12.0,0.0,0.0,Ethical Hacking,Cybersecurity,Free,Advanced,0.0,16.74,2.38,TC00040,Kimberly Miller,Cybersecurity,24,4.58,15.889570552147239,3.8412883435582823
CR00032,2025-03,13,0.0,0.0,2025-03,3,10.0,0.0,11.0,0.0,22.0,0.0,0.0,Ethical Hacking,Cybersecurity,Free,Advanced,0.0,16.74,2.38,TC00040,Kimberly Miller,Cybersecurity,24,4.58,15.889570552147239,3.8412883435582823
CR00032,2025-04,19,0.0,0.0,2025-04,4,13.0,0.0,11.666666666666666,0.0,35.0,0.0,0.0,Ethical Hacking,Cybersecurity,Free,Advanced,0.0,16.74,2.38,TC00040,Kimberly Miller,Cybersecurity,24,4.58,15.889570552147239,3.8412883435582823
CR00032,2025-05,11,0.0,0.0,2025-05,5,19.0,0.0,14.0,0.0,54.0,0.0,0.0,Ethical Hacking,Cybersecurity,Free,Advanced,0.0,16.74,2.38,TC00040,Kimberly Miller,Cybersecurity,24,4.58,15.889570552147239,3.8412883435582823
CR00032,2025-06,15,0.0,0.0,2025-06,6,11.0,0.0,14.333333333333334,0.0,65.0,0.0,0.0,Ethical Hacking,Cybersecurity,Free,Advanced,0.0,16.74,2.38,TC00040,Kimberly Miller,Cybersecurity,24,4.58,15.889570552147239,3.8412883435582823
CR00032,2025-07,15,0.0,0.0,2025-07,7,15.0,0.0,15.0,0.0,80.0,0.0,0.0,Ethical Hacking,Cybersecurity,Free,Advanced,0.0,16.74,2.38,TC00040,Kimberly Miller,Cybersecurity,24,4.58,15.889570552147239,3.8412883435582823
CR00032,2025-08,15,0.0,0.0,2025-08,8,15.0,0.0,13.666666666666666,0.0,95.0,0.0,0.0,Ethical Hacking,Cybersecurity,Free,Advanced,0.0,16.74,2.38,TC00040,Kimberly Miller,Cybersecurity,24,4.58,15.889570552147239,3.8412883435582823
CR00032,2025-09,10,0.0,0.0,2025-09,9,15.0,0.0,15.0,0.0,110.0,0.0,0.0,Ethical Hacking,Cybersecurity,Free,Advanced,0.0,16.74,2.38,TC00040,Kimberly Miller,Cybersecurity,24,4.58,15.889570552147239,3.8412883435582823
CR00032,2025-10,16,0.0,0.0,2025-10,10,10.0,0.0,13.333333333333334,0.0,120.0,0.0,0.0,Ethical Hacking,Cybersecurity,Free,Advanced,0.0,16.74,2.38,TC00040,Kimberly Miller,Cybersecurity,24,4.58,15.889570552147239,3.8412883435582823
CR00032,2025-11,12,0.0,0.0,2025-11,11,16.0,0.0,13.666666666666666,0.0,136.0,0.0,0.0,Ethical Hacking,Cybersecurity,Free,Advanced,0.0,16.74,2.38,TC00040,Kimberly Miller,Cybersecurity,24,4.58,15.889570552147239,3.8412883435582823
CR00032,2025-12,15,0.0,0.0,2025-12,12,12.0,0.0,12.666666666666666,0.0,148.0,0.0,0.0,Ethical Hacking,Cybersecurity,Free,Advanced,0.0,16.74,2.38,TC00040,Kimberly Miller,Cybersecurity,24,4.58,15.889570552147239,3.8412883435582823
CR00033,2025-01,12,0.0,0.0,2025-01,1,14.181818181818182,0.0,14.181818181818182,0.0,0.0,0.0,0.0,Cybersecurity Fundamentals,Cybersecurity,Free,Intermediate,0.0,48.25,3.93,TC00040,Kimberly Miller,Cybersecurity,24,4.58,15.766467065868264,3.814790419161677
CR00033,2025-02,17,0.0,0.0,2025-02,2,12.0,0.0,12.0,0.0,12.0,0.0,0.0,Cybersecurity Fundamentals,Cybersecurity,Free,Intermediate,0.0,48.25,3.93,TC00040,Kimberly Miller,Cybersecurity,24,4.58,15.766467065868264,3.814790419161677
CR00033,2025-03,12,0.0,0.0,2025-03,3,17.0,0.0,14.5,0.0,29.0,0.0,0.0,Cybersecurity Fundamentals,Cybersecurity,Free,Intermediate,0.0,48.25,3.93,TC00040,Kimberly Miller,Cybersecurity,24,4.58,15.766467065868264,3.814790419161677
CR00033,2025-04,17,0.0,0.0,2025-04,4,12.0,0.0,13.666666666666666,0.0,41.0,0.0,0.0,Cybersecurity Fundamentals,Cybersecurity,Free,Intermediate,0.0,48.25,3.93,TC00040,Kimberly Miller,Cybersecurity,24,4.58,15.766467065868264,3.814790419161677
CR00033,2025-05,17,0.0,0.0,2025-05,5,17.0,0.0,15.333333333333334,0.0,58.0,0.0,0.0,Cybersecurity Fundamentals,Cybersecurity,Free,Intermediate,0.0,48.25,3.93,TC00040,Kimberly Miller,Cybersecurity,24,4.58,15.766467065868264,3.814790419161677
CR00033,2025-06,16,0.0,0.0,2025-06,6,17.0,0.0,15.333333333333334,0.0,75.0,0.0,0.0,Cybersecurity Fundamentals,Cybersecurity,Free,Intermediate,0.0,48.25,3.93,TC00040,Kimberly Miller,Cybersecurity,24,4.58,15.766467065868264,3.814790419161677
CR00033,2025-07,14,0.0,0.0,2025-07,7,16.0,0.0,16.666666666666668,0.0,91.0,0.0,0.0,Cybersecurity Fundamentals,Cybersecurity,Free,Intermediate,0.0,48.25,3.93,TC00040,Kimberly Miller,Cybersecurity,24,4.58,15.766467065868264,3.814790419161677
CR00033,2025-08,17,0.0,0.0,2025-08,8,14.0,0.0,15.666666666666666,0.0,105.0,0.0,0.0,Cybersecurity Fundamentals,Cybersecurity,Free,Intermediate,0.0,48.25,3.93,TC00040,Kimberly Miller,Cybersecurity,24,4.58,15.766467065868264,3.814790419161677
CR00033,2025-09,13,0.0,0.0,2025-09,9,17.0,0.0,15.666666666666666,0.0,122.0,0.0,0.0,Cybersecurity Fundamentals,Cybersecurity,Free,Intermediate,0.0,48.25,3.93,TC00040,Kimberly Miller,Cybersecurity,24,4.58,15.766467065868264,3.814790419161677
CR00033,2025-10,7,0.0,0.0,2025-10,10,13.0,0.0,14.666666666666666,0.0,135.0,0.0,0.0,Cybersecurity Fundamentals,Cybersecurity,Free,Intermediate,0.0,48.25,3.93,TC00040,Kimberly Miller,Cybersecurity,24,4.58,15.766467065868264,3.814790419161677
CR00033,2025-11,14,0.0,0.0,2025-11,11,7.0,0.0,12.333333333333334,0.0,142.0,0.0,0.0,Cybersecurity Fundamentals,Cybersecurity,Free,Intermediate,0.0,48.25,3.93,TC00040,Kimberly Miller,Cybersecurity,24,4.58,15.766467065868264,3.814790419161677
CR00033,2025-12,11,0.0,0.0,2025-12,12,14.0,0.0,11.333333333333334,0.0,156.0,0.0,0.0,Cybersecurity Fundamentals,Cybersecurity,Free,Intermediate,0.0,48.25,3.93,TC00040,Kimberly Miller,Cybersecurity,24,4.58,15.766467065868264,3.814790419161677
CR00034,2025-01,12,4731.12,394.26,2025-01,1,12.272727272727273,4838.645454545455,12.272727272727273,4838.645454545455,0.0,0.0,0.0,Data Encryption,Cybersecurity,Paid,Intermediate,394.26,47.44,1.35,TC00040,Kimberly Miller,Cybersecurity,24,4.58,16.733333333333334,3.943666666666666
CR00034,2025-02,10,3942.6,394.26,2025-02,2,12.0,4731.12,12.0,4731.12,12.0,4731.12,394.26,Data Encryption,Cybersecurity,Paid,Intermediate,394.26,47.44,1.35,TC00040,Kimberly Miller,Cybersecurity,24,4.58,16.733333333333334,3.943666666666666
CR00034,2025-03,9,3548.34,394.26,2025-03,3,10.0,3942.6,11.0,4336.86,22.0,8673.72,394.26,Data Encryption,Cybersecurity,Paid,Intermediate,394.26,47.44,1.35,TC00040,Kimberly Miller,Cybersecurity,24,4.58,16.733333333333334,3.943666666666666
CR00034,2025-04,13,5125.38,394.26,2025-04,4,9.0,3548.34,10.333333333333334,4074.02,31.0,12222.06,394.26,Data Encryption,Cybersecurity,Paid,Intermediate,394.26,47.44,1.35,TC00040,Kimberly Miller,Cybersecurity,24,4.58,16.733333333333334,3.943666666666666
CR00034,2025-05,10,3942.6,394.26,2025-05,5,13.0,5125.38,10.666666666666666,4205.44,44.0,17347.44,394.26,Data Encryption,Cybersecurity,Paid,Intermediate,394.26,47.44,1.35,TC00040,Kimberly Miller,Cybersecurity,24,4.58,16.733333333333334,3.943666666666666
CR00034,2025-06,15,5913.9,394.26,2025-06,6,10.0,3942.6,10.666666666666666,4205.44,54.0,21290.039999999997,394.25999999999993,Data Encryption,Cybersecurity,Paid,Intermediate,394.26,47.44,1.35,TC00040,Kimberly Miller,Cybersecurity,24,4.58,16.733333333333334,3.943666666666666
CR00034,2025-07,9,3548.34,394.26,2025-07,7,15.0,5913.9,12.666666666666666,4993.96,69.0,27203.939999999995,394.25999999999993,Data Encryption,Cybersecurity,Paid,Intermediate,394.26,47.44,1.35,TC00040,Kimberly Miller,Cybersecurity,24,4.58,16.733333333333334,3.943666666666666
CR00034,2025-08,16,6308.16,394.26,2025-08,8,9.0,3548.34,11.333333333333334,4468.28,78.0,30752.279999999995,394.25999999999993,Data Encryption,Cybersecurity,Paid,Intermediate,394.26,47.44,1.35,TC00040,Kimberly Miller,Cybersecurity,24,4.58,16.733333333333334,3.943666666666666
CR00034,2025-09,15,5913.9,394.26,2025-09,9,16.0,6308.16,13.333333333333334,5256.8,94.0,37060.439999999995,394.25999999999993,Data Encryption,Cybersecurity,Paid,Intermediate,394.26,47.44,1.35,TC00040,Kimberly Miller,Cybersecurity,24,4.58,16.733333333333334,3.943666666666666
CR00034,2025-10,5,1971.3,394.26,2025-10,10,15.0,5913.9,13.333333333333334,5256.8,109.0,42974.34,394.26,Data Encryption,Cybersecurity,Paid,Intermediate,394.26,47.44,1.35,TC00040,Kimberly Miller,Cybersecurity,24,4.58,16.733333333333334,3.943666666666666
CR00034,2025-11,21,8279.46,394.25999999999993,2025-11,11,5.0,1971.3,12.0,4731.12,114.0,44945.64,394.26,Data Encryption,Cybersecurity,Paid,Intermediate,394.26,47.44,1.35,TC00040,Kimberly Miller,Cybersecurity,24,4.58,16.733333333333334,3.943666666666666
CR00034,2025-12,15,5913.9,394.26,2025-12,12,21.0,8279.46,13.666666666666666,5388.219999999999,135.0,53225.1,394.26,Data Encryption,Cybersecurity,Paid,Intermediate,394.26,47.44,1.35,TC00040,Kimberly Miller,Cybersecurity,24,4.58,16.733333333333334,3.943666666666666
CR00035,2025-01,13,0.0,0.0,2025-01,1,15.0,0.0,15.0,0.0,0.0,0.0,0.0,Cyber Threat Intelligence,Cybersecurity,Free,Beginner,0.0,42.59,4.94,TC00040,Kimberly Miller,Cybersecurity,24,4.58,15.614525139664805,3.869720670391062
CR00035,2025-02,12,0.0,0.0,2025-02,2,13.0,0.0,13.0,0.0,13.0,0.0,0.0,Cyber Threat Intelligence,Cybersecurity,Free,Beginner,0.0,42.59,4.94,TC00040,Kimberly Miller,Cybersecurity,24,4.58,15.614525139664805,3.869720670391062
CR00035,2025-03,19,0.0,0.0,2025-03,3,12.0,0.0,12.5,0.0,25.0,0.0,0.0,Cyber Threat Intelligence,Cybersecurity,Free,Beginner,0.0,42.59,4.94,TC00040,Kimberly Miller,Cybersecurity,24,4.58,15.614525139664805,3.869720670391062
CR00035,2025-04,10,0.0,0.0,2025-04,4,19.0,0.0,14.666666666666666,0.0,44.0,0.0,0.0,Cyber Threat Intelligence,Cybersecurity,Free,Beginner,0.0,42.59,4.94,TC00040,Kimberly Miller,Cybersecurity,24,4.58,15.614525139664805,3.869720670391062
CR00035,2025-05,16,0.0,0.0,2025-05,5,10.0,0.0,13.666666666666666,0.0,54.0,0.0,0.0,Cyber Threat Intelligence,Cybersecurity,Free,Beginner,0.0,42.59,4.94,TC00040,Kimberly Miller,Cybersecurity,24,4.58,15.614525139664805,3.869720670391062
CR00035,2025-06,12,0.0,0.0,2025-06,6,16.0,0.0,15.0,0.0,70.0,0.0,0.0,Cyber Threat Intelligence,Cybersecurity,Free,Beginner,0.0,42.59,4.94,TC00040,Kimberly Miller,Cybersecurity,24,4.58,15.614525139664805,3.869720670391062
CR00035,2025-07,16,0.0,0.0,2025-07,7,12.0,0.0,12.666666666666666,0.0,82.0,0.0,0.0,Cyber Threat Intelligence,Cybersecurity,Free,Beginner,0.0,42.59,4.94,TC00040,Kimberly Miller,Cybersecurity,24,4.58,15.614525139664805,3.869720670391062
CR00035,2025-08,18,0.0,0.0,2025-08,8,16.0,0.0,14.666666666666666,0.0,98.0,0.0,0.0,Cyber Threat Intelligence,Cybersecurity,Free,Beginner,0.0,42.59,4.94,TC00040,Kimberly Miller,Cybersecurity,24,4.58,15.614525139664805,3.869720670391062
CR00035,2025-09,20,0.0,0.0,2025-09,9,18.0,0.0,15.333333333333334,0.0,116.0,0.0,0.0,Cyber Threat Intelligence,Cybersecurity,Free,Beginner,0.0,42.59,4.94,TC00040,Kimberly Miller,Cybersecurity,24,4.58,15.614525139664805,3.869720670391062
CR00035,2025-10,15,0.0,0.0,2025-10,10,20.0,0.0,18.0,0.0,136.0,0.0,0.0,Cyber Threat Intelligence,Cybersecurity,Free,Beginner,0.0,42.59,4.94,TC00040,Kimberly Miller,Cybersecurity,24,4.58,15.614525139664805,3.869720670391062
CR00035,2025-11,14,0.0,0.0,2025-11,11,15.0,0.0,17.666666666666668,0.0,151.0,0.0,0.0,Cyber Threat Intelligence,Cybersecurity,Free,Beginner,0.0,42.59,4.94,TC00040,Kimberly Miller,Cybersecurity,24,4.58,15.614525139664805,3.869720670391062
CR00035,2025-12,14,0.0,0.0,2025-12,12,14.0,0.0,16.333333333333332,0.0,165.0,0.0,0.0,Cyber Threat Intelligence,Cybersecurity,Free,Beginner,0.0,42.59,4.94,TC00040,Kimberly Miller,Cybersecurity,24,4.58,15.614525139664805,3.869720670391062
CR00036,2025-01,15,0.0,0.0,2025-01,1,14.636363636363637,0.0,14.636363636363637,0.0,0.0,0.0,0.0,Agile Project Management,Project Management,Free,Beginner,0.0,15.75,4.68,TC00042,Yolanda Levine,Machine Learning,21,4.97,17.389830508474578,4.151299435028249
CR00036,2025-02,16,0.0,0.0,2025-02,2,15.0,0.0,15.0,0.0,15.0,0.0,0.0,Agile Project Management,Project Management,Free,Beginner,0.0,15.75,4.68,TC00042,Yolanda Levine,Machine Learning,21,4.97,17.389830508474578,4.151299435028249
CR00036,2025-03,16,0.0,0.0,2025-03,3,16.0,0.0,15.5,0.0,31.0,0.0,0.0,Agile Project Management,Project Management,Free,Beginner,0.0,15.75,4.68,TC00042,Yolanda Levine,Machine Learning,21,4.97,17.389830508474578,4.151299435028249
CR00036,2025-04,15,0.0,0.0,2025-04,4,16.0,0.0,15.666666666666666,0.0,47.0,0.0,0.0,Agile Project Management,Project Management,Free,Beginner,0.0,15.75,4.68,TC00042,Yolanda Levine,Machine Learning,21,4.97,17.389830508474578,4.151299435028249
CR00036,2025-05,19,0.0,0.0,2025-05,5,15.0,0.0,15.666666666666666,0.0,62.0,0.0,0.0,Agile Project Management,Project Management,Free,Beginner,0.0,15.75,4.68,TC00042,Yolanda Levine,Machine Learning,21,4.97,17.389830508474578,4.151299435028249
CR00036,2025-06,8,0.0,0.0,2025-06,6,19.0,0.0,16.666666666666668,0.0,81.0,0.0,0.0,Agile Project Management,Project Management,Free,Beginner,0.0,15.75,4.68,TC00042,Yolanda Levine,Machine Learning,21,4.97,17.389830508474578,4.151299435028249
CR00036,2025-07,13,0.0,0.0,2025-07,7,8.0,0.0,14.0,0.0,89.0,0.0,0.0,Agile Project Management,Project Management,Free,Beginner,0.0,15.75,4.68,TC00042,Yolanda Levine,Machine Learning,21,4.97,17.389830508474578,4.151299435028249
CR00036,2025-08,16,0.0,0.0,2025-08,8,13.0,0.0,13.333333333333334,0.0,102.0,0.0,0.0,Agile Project Management,Project Management,Free,Beginner,0.0,15.75,4.68,TC00042,Yolanda Levine,Machine Learning,21,4.97,17.389830508474578,4.151299435028249
CR00036,2025-09,12,0.0,0.0,2025-09,9,16.0,0.0,12.333333333333334,0.0,118.0,0.0,0.0,Agile Project Management,Project Management,Free,Beginner,0.0,15.75,4.68,TC00042,Yolanda Levine,Machine Learning,21,4.97,17.389830508474578,4.151299435028249
CR00036,2025-10,15,0.0,0.0,2025-10,10,12.0,0.0,13.666666666666666,0.0,130.0,0.0,0.0,Agile Project Management,Project Management,Free,Beginner,0.0,15.75,4.68,TC00042,Yolanda Levine,Machine Learning,21,4.97,17.389830508474578,4.151299435028249
CR00036,2025-11,16,0.0,0.0,2025-11,11,15.0,0.0,14.333333333333334,0.0,145.0,0.0,0.0,Agile Project Management,Project Management,Free,Beginner,0.0,15.75,4.68,TC00042,Yolanda Levine,Machine Learning,21,4.97,17.389830508474578,4.151299435028249
CR00036,2025-12,16,0.0,0.0,2025-12,12,16.0,0.0,14.333333333333334,0.0,161.0,0.0,0.0,Agile Project Management,Project Management,Free,Beginner,0.0,15.75,4.68,TC00042,Yolanda Levine,Machine Learning,21,4.97,17.389830508474578,4.151299435028249
CR00037,2025-01,15,0.0,0.0,2025-01,1,13.272727272727273,0.0,13.272727272727273,0.0,0.0,0.0,0.0,Scrum Essentials,Project Management,Free,Intermediate,0.0,33.93,3.45,TC00040,Kimberly Miller,Cybersecurity,24,4.58,16.562091503267975,4.004313725490196
CR00037,2025-02,19,0.0,0.0,2025-02,2,15.0,0.0,15.0,0.0,15.0,0.0,0.0,Scrum Essentials,Project Management,Free,Intermediate,0.0,33.93,3.45,TC00040,Kimberly Miller,Cybersecurity,24,4.58,16.562091503267975,4.004313725490196
CR00037,2025-03,9,0.0,0.0,2025-03,3,19.0,0.0,17.0,0.0,34.0,0.0,0.0,Scrum Essentials,Project Management,Free,Intermediate,0.0,33.93,3.45,TC00040,Kimberly Miller,Cybersecurity,24,4.58,16.562091503267975,4.004313725490196
CR00037,2025-04,15,0.0,0.0,2025-04,4,9.0,0.0,14.333333333333334,0.0,43.0,0.0,0.0,Scrum Essentials,Project Management,Free,Intermediate,0.0,33.93,3.45,TC00040,Kimberly Miller,Cybersecurity,24,4.58,16.562091503267975,4.004313725490196
CR00037,2025-05,13,0.0,0.0,2025-05,5,15.0,0.0,14.333333333333334,0.0,58.0,0.0,0.0,Scrum Essentials,Project Management,Free,Intermediate,0.0,33.93,3.45,TC00040,Kimberly Miller,Cybersecurity,24,4.58,16.562091503267975,4.004313725490196
CR00037,2025-06,15,0.0,0.0,2025-06,6,13.0,0.0,12.333333333333334,0.0,71.0,0.0,0.0,Scrum Essentials,Project Management,Free,Intermediate,0.0,33.93,3.45,TC00040,Kimberly Miller,Cybersecurity,24,4.58,16.562091503267975,4.004313725490196
CR00037,2025-07,13,0.0,0.0,2025-07,7,15.0,0.0,14.333333333333334,0.0,86.0,0.0,0.0,Scrum Essentials,Project Management,Free,Intermediate,0.0,33.93,3.45,TC00040,Kimberly Miller,Cybersecurity,24,4.58,16.562091503267975,4.004313725490196
CR00037,2025-08,12,0.0,0.0,2025-08,8,13.0,0.0,13.666666666666666,0.0,99.0,0.0,0.0,Scrum Essentials,Project Management,Free,Intermediate,0.0,33.93,3.45,TC00040,Kimberly Miller,Cybersecurity,24,4.58,16.562091503267975,4.004313725490196
CR00037,2025-09,12,0.0,0.0,2025-09,9,12.0,0.0,13.333333333333334,0.0,111.0,0.0,0.0,Scrum Essentials,Project Management,Free,Intermediate,0.0,33.93,3.45,TC00040,Kimberly Miller,Cybersecurity,24,4.58,16.562091503267975,4.004313725490196
CR00037,2025-10,11,0.0,0.0,2025-10,10,12.0,0.0,12.333333333333334,0.0,123.0,0.0,0.0,Scrum Essentials,Project Management,Free,Intermediate,0.0,33.93,3.45,TC00040,Kimberly Miller,Cybersecurity,24,4.58,16.562091503267975,4.004313725490196
CR00037,2025-11,12,0.0,0.0,2025-11,11,11.0,0.0,11.666666666666666,0.0,134.0,0.0,0.0,Scrum Essentials,Project Management,Free,Intermediate,0.0,33.93,3.45,TC00040,Kimberly Miller,Cybersecurity,24,4.58,16.562091503267975,4.004313725490196
CR00037,2025-12,7,0.0,0.0,2025-12,12,12.0,0.0,11.666666666666666,0.0,146.0,0.0,0.0,Scrum Essentials,Project Management,Free,Intermediate,0.0,33.93,3.45,TC00040,Kimberly Miller,Cybersecurity,24,4.58,16.562091503267975,4.004313725490196
CR00038,2025-01,15,5139.150000000001,342.61,2025-01,1,13.0,4453.93,13.0,4453.93,0.0,0.0,0.0,Risk Management,Project Management,Paid,Intermediate,342.61,17.14,4.84,TC00040,Kimberly Miller,Cybersecurity,24,4.58,17.29746835443038,4.165569620253164
CR00038,2025-02,7,2398.27,342.61,2025-02,2,15.0,5139.150000000001,15.0,5139.150000000001,15.0,5139.150000000001,342.61,Risk Management,Project Management,Paid,Intermediate,342.61,17.14,4.84,TC00040,Kimberly Miller,Cybersecurity,24,4.58,17.29746835443038,4.165569620253164
CR00038,2025-03,12,4111.32,342.60999999999996,2025-03,3,7.0,2398.27,11.0,3768.71,22.0,7537.42,342.61,Risk Management,Project Management,Paid,Intermediate,342.61,17.14,4.84,TC00040,Kimberly Miller,Cybersecurity,24,4.58,17.29746835443038,4.165569620253164
CR00038,2025-04,19,6509.59,342.61,2025-04,4,12.0,4111.32,11.333333333333334,3882.9133333333334,34.0,11648.74,342.61,Risk Management,Project Management,Paid,Intermediate,342.61,17.14,4.84,TC00040,Kimberly Miller,Cybersecurity,24,4.58,17.29746835443038,4.165569620253164
CR00038,2025-05,13,4453.93,342.61,2025-05,5,19.0,6509.59,12.666666666666666,4339.7266666666665,53.0,18158.33,342.61,Risk Management,Project Management,Paid,Intermediate,342.61,17.14,4.84,TC00040,Kimberly Miller,Cybersecurity,24,4.58,17.29746835443038,4.165569620253164
CR00038,2025-06,18,6166.9800000000005,342.61,2025-06,6,13.0,4453.93,14.666666666666666,5024.946666666667,66.0,22612.260000000002,342.61,Risk Management,Project Management,Paid,Intermediate,342.61,17.14,4.84,TC00040,Kimberly Miller,Cybersecurity,24,4.58,17.29746835443038,4.165569620253164
CR00038,2025-07,8,2740.88,342.61,2025-07,7,18.0,6166.9800000000005,16.666666666666668,5710.166666666667,84.0,28779.24,342.61,Risk Management,Project Management,Paid,Intermediate,342.61,17.14,4.84,TC00040,Kimberly Miller,Cybersecurity,24,4.58,17.29746835443038,4.165569620253164
CR00038,2025-08,10,3426.1000000000004,342.61,2025-08,8,8.0,2740.88,13.0,4453.93,92.0,31520.120000000003,342.61,Risk Management,Project Management,Paid,Intermediate,342.61,17.14,4.84,TC00040,Kimberly Miller,Cybersecurity,24,4.58,17.29746835443038,4.165569620253164
CR00038,2025-09,16,5481.76,342.61,2025-09,9,10.0,3426.1000000000004,12.0,4111.32,102.0,34946.22,342.61,Risk Management,Project Management,Paid,Intermediate,342.61,17.14,4.84,TC00040,Kimberly Miller,Cybersecurity,24,4.58,17.29746835443038,4.165569620253164
CR00038,2025-10,8,2740.88,342.61,2025-10,10,16.0,5481.76,11.333333333333334,3882.9133333333334,118.0,40427.98,342.61,Risk Management,Project Management,Paid,Intermediate,342.61,17.14,4.84,TC00040,Kimberly Miller,Cybersecurity,24,4.58,17.29746835443038,4.165569620253164
CR00038,2025-11,17,5824.37,342.61,2025-11,11,8.0,2740.88,11.333333333333334,3882.913333333334,126.0,43168.86,342.61,Risk Management,Project Management,Paid,Intermediate,342.61,17.14,4.84,TC00040,Kimberly Miller,Cybersecurity,24,4.58,17.29746835443038,4.165569620253164
CR00038,2025-12,15,5139.150000000001,342.61,2025-12,12,17.0,5824.37,13.666666666666666,4682.336666666666,143.0,48993.23,342.61,Risk Management,Project Management,Paid,Intermediate,342.61,17.14,4.84,TC00040,Kimberly Miller,Cybersecurity,24,4.58,17.29746835443038,4.165569620253164
CR00039,2025-01,7,2426.97,346.71,2025-01,1,14.0,4853.9400000000005,14.0,4853.9400000000005,0.0,0.0,0.0,Project Planning,Project Management,Paid,Advanced,346.71,3.42,1.23,TC00042,Yolanda Levine,Machine Learning,21,4.97,16.934131736526947,4.1438922155688624
CR00039,2025-02,11,3813.81,346.71,2025-02,2,7.0,2426.97,7.0,2426.97,7.0,2426.97,346.71,Project Planning,Project Management,Paid,Advanced,346.71,3.42,1.23,TC00042,Yolanda Levine,Machine Learning,21,4.97,16.934131736526947,4.1438922155688624
CR00039,2025-03,17,5894.07,346.71,2025-03,3,11.0,3813.81,9.0,3120.39,18.0,6240.78,346.71,Project Planning,Project Management,Paid,Advanced,346.71,3.42,1.23,TC00042,Yolanda Levine,Machine Learning,21,4.97,16.934131736526947,4.1438922155688624
CR00039,2025-04,12,4160.5199999999995,346.71,2025-04,4,17.0,5894.07,11.666666666666666,4044.9499999999994,35.0,12134.849999999999,346.71,Project Planning,Project Management,Paid,Advanced,346.71,3.42,1.23,TC00042,Yolanda Levine,Machine Learning,21,4.97,16.934131736526947,4.1438922155688624
CR00039,2025-05,14,4853.94,346.71,2025-05,5,12.0,4160.5199999999995,13.333333333333334,4622.8,47.0,16295.369999999999,346.71,Project Planning,Project Management,Paid,Advanced,346.71,3.42,1.23,TC00042,Yolanda Levine,Machine Learning,21,4.97,16.934131736526947,4.1438922155688624
CR00039,2025-06,9,3120.39,346.71,2025-06,6,14.0,4853.94,14.333333333333334,4969.509999999999,61.0,21149.309999999998,346.71,Project Planning,Project Management,Paid,Advanced,346.71,3.42,1.23,TC00042,Yolanda Levine,Machine Learning,21,4.97,16.934131736526947,4.1438922155688624
CR00039,2025-07,14,4853.94,346.71,2025-07,7,9.0,3120.39,11.666666666666666,4044.9500000000003,70.0,24269.699999999997,346.71,Project Planning,Project Management,Paid,Advanced,346.71,3.42,1.23,TC00042,Yolanda Levine,Machine Learning,21,4.97,16.934131736526947,4.1438922155688624
CR00039,2025-08,22,7627.62,346.71,2025-08,8,14.0,4853.94,12.333333333333334,4276.089999999999,84.0,29123.639999999996,346.7099999999999,Project Planning,Project Management,Paid,Advanced,346.71,3.42,1.23,TC00042,Yolanda Levine,Machine Learning,21,4.97,16.934131736526947,4.1438922155688624
CR00039,2025-09,18,6240.78,346.71,2025-09,9,22.0,7627.62,15.0,5200.65,106.0,36751.259999999995,346.7099999999999,Project Planning,Project Management,Paid,Advanced,346.71,3.42,1.23,TC00042,Yolanda Levine,Machine Learning,21,4.97,16.934131736526947,4.1438922155688624
CR00039,2025-10,16,5547.36,346.71,2025-10,10,18.0,6240.78,18.0,6240.78,124.0,42992.03999999999,346.7099999999999,Project Planning,Project Management,Paid,Advanced,346.71,3.42,1.23,TC00042,Yolanda Levine,Machine Learning,21,4.97,16.934131736526947,4.1438922155688624
CR00039,2025-11,14,4853.94,346.71,2025-11,11,16.0,5547.36,18.666666666666668,6471.919999999999,140.0,48539.399999999994,346.71,Project Planning,Project Management,Paid,Advanced,346.71,3.42,1.23,TC00042,Yolanda Levine,Machine Learning,21,4.97,16.934131736526947,4.1438922155688624
CR00039,2025-12,13,4507.23,346.71,2025-12,12,14.0,4853.94,16.0,5547.36,154.0,53393.34,346.71,Project Planning,Project Management,Paid,Advanced,346.71,3.42,1.23,TC00042,Yolanda Levine,Machine Learning,21,4.97,16.934131736526947,4.1438922155688624
CR00040,2025-01,17,5575.83,327.99,2025-01,1,14.454545454545455,4740.946363636364,14.454545454545455,4740.946363636364,0.0,0.0,0.0,Leadership in Projects,Project Management,Paid,Beginner,327.99,12.13,1.51,TC00040,Kimberly Miller,Cybersecurity,24,4.58,17.29310344827586,4.0952873563218395
CR00040,2025-02,10,3279.9,327.99,2025-02,2,17.0,5575.83,17.0,5575.83,17.0,5575.83,327.99,Leadership in Projects,Project Management,Paid,Beginner,327.99,12.13,1.51,TC00040,Kimberly Miller,Cybersecurity,24,4.58,17.29310344827586,4.0952873563218395
CR00040,2025-03,20,6559.8,327.99,2025-03,3,10.0,3279.9,13.5,4427.865,27.0,8855.73,327.99,Leadership in Projects,Project Management,Paid,Beginner,327.99,12.13,1.51,TC00040,Kimberly Miller,Cybersecurity,24,4.58,17.29310344827586,4.0952873563218395
CR00040,2025-04,11,3607.8900000000003,327.99,2025-04,4,20.0,6559.8,15.666666666666666,5138.51,47.0,15415.529999999999,327.98999999999995,Leadership in Projects,Project Management,Paid,Beginner,327.99,12.13,1.51,TC00040,Kimberly Miller,Cybersecurity,24,4.58,17.29310344827586,4.0952873563218395
CR00040,2025-05,14,4591.860000000001,327.99000000000007,2025-05,5,11.0,3607.8900000000003,13.666666666666666,4482.53,58.0,19023.42,327.98999999999995,Leadership in Projects,Project Management,Paid,Beginner,327.99,12.13,1.51,TC00040,Kimberly Miller,Cybersecurity,24,4.58,17.29310344827586,4.0952873563218395
CR00040,2025-06,16,5247.84,327.99,2025-06,6,14.0,4591.860000000001,15.0,4919.850000000001,72.0,23615.28,327.99,Leadership in Projects,Project Management,Paid,Beginner,327.99,12.13,1.51,TC00040,Kimberly Miller,Cybersecurity,24,4.58,17.29310344827586,4.0952873563218395
CR00040,2025-07,15,4919.85,327.99,2025-07,7,16.0,5247.84,13.666666666666666,4482.53,88.0,28863.12,327.99,Leadership in Projects,Project Management,Paid,Beginner,327.99,12.13,1.51,TC00040,Kimberly Miller,Cybersecurity,24,4.58,17.29310344827586,4.0952873563218395
CR00040,2025-08,14,4591.860000000001,327.99000000000007,2025-08,8,15.0,4919.85,15.0,4919.850000000001,103.0,33782.97,327.99,Leadership in Projects,Project Management,Paid,Beginner,327.99,12.13,1.51,TC00040,Kimberly Miller,Cybersecurity,24,4.58,17.29310344827586,4.0952873563218395
CR00040,2025-09,9,2951.91,327.99,2025-09,9,14.0,4591.860000000001,15.0,4919.850000000001,117.0,38374.83,327.99,Leadership in Projects,Project Management,Paid,Beginner,327.99,12.13,1.51,TC00040,Kimberly Miller,Cybersecurity,24,4.58,17.29310344827586,4.0952873563218395
CR00040,2025-10,15,4919.85,327.99,2025-10,10,9.0,2951.91,12.666666666666666,4154.540000000001,126.0,41326.740000000005,327.99000000000007,Leadership in Projects,Project Management,Paid,Beginner,327.99,12.13,1.51,TC00040,Kimberly Miller,Cybersecurity,24,4.58,17.29310344827586,4.0952873563218395
CR00040,2025-11,18,5903.82,327.99,2025-11,11,15.0,4919.85,12.666666666666666,4154.54,141.0,46246.590000000004,327.99,Leadership in Projects,Project Management,Paid,Beginner,327.99,12.13,1.51,TC00040,Kimberly Miller,Cybersecurity,24,4.58,17.29310344827586,4.0952873563218395
CR00040,2025-12,15,4919.85,327.99,2025-12,12,18.0,5903.82,14.0,4591.86,159.0,52150.41,327.99,Leadership in Projects,Project Management,Paid,Beginner,327.99,12.13,1.51,TC00040,Kimberly Miller,Cybersecurity,24,4.58,17.29310344827586,4.0952873563218395
CR00041,2025-01,14,754.04,53.86,2025-01,1,14.181818181818182,763.8327272727273,14.181818181818182,763.8327272727273,0.0,0.0,0.0,Financial Accounting,Finance,Paid,Beginner,53.86,47.08,2.47,TC00040,Kimberly Miller,Cybersecurity,24,4.58,17.542168674698797,4.344879518072289
CR00041,2025-02,9,484.74,53.86,2025-02,2,14.0,754.04,14.0,754.04,14.0,754.04,53.86,Financial Accounting,Finance,Paid,Beginner,53.86,47.08,2.47,TC00040,Kimberly Miller,Cybersecurity,24,4.58,17.542168674698797,4.344879518072289
CR00041,2025-03,11,592.46,53.86000000000001,2025-03,3,9.0,484.74,11.5,619.39,23.0,1238.78,53.86,Financial Accounting,Finance,Paid,Beginner,53.86,47.08,2.47,TC00040,Kimberly Miller,Cybersecurity,24,4.58,17.542168674698797,4.344879518072289
CR00041,2025-04,14,754.04,53.86,2025-04,4,11.0,592.46,11.333333333333334,610.4133333333333,34.0,1831.24,53.86,Financial Accounting,Finance,Paid,Beginner,53.86,47.08,2.47,TC00040,Kimberly Miller,Cybersecurity,24,4.58,17.542168674698797,4.344879518072289
CR00041,2025-05,17,915.62,53.86,2025-05,5,14.0,754.04,11.333333333333334,610.4133333333333,48.0,2585.2799999999997,53.85999999999999,Financial Accounting,Finance,Paid,Beginner,53.86,47.08,2.47,TC00040,Kimberly Miller,Cybersecurity,24,4.58,17.542168674698797,4.344879518072289
CR00041,2025-06,19,1023.34,53.86,2025-06,6,17.0,915.62,14.0,754.04,65.0,3500.8999999999996,53.85999999999999,Financial Accounting,Finance,Paid,Beginner,53.86,47.08,2.47,TC00040,Kimberly Miller,Cybersecurity,24,4.58,17.542168674698797,4.344879518072289
CR00041,2025-07,14,754.04,53.86,2025-07,7,19.0,1023.34,16.666666666666668,897.6666666666666,84.0,4524.24,53.86,Financial Accounting,Finance,Paid,Beginner,53.86,47.08,2.47,TC00040,Kimberly Miller,Cybersecurity,24,4.58,17.542168674698797,4.344879518072289
CR00041,2025-08,14,754.04,53.86,2025-08,8,14.0,754.04,16.666666666666668,897.6666666666666,98.0,5278.28,53.86,Financial Accounting,Finance,Paid,Beginner,53.86,47.08,2.47,TC00040,Kimberly Miller,Cybersecurity,24,4.58,17.542168674698797,4.344879518072289
CR00041,2025-09,10,538.6,53.86,2025-09,9,14.0,754.04,15.666666666666666,843.8066666666667,112.0,6032.32,53.86,Financial Accounting,Finance,Paid,Beginner,53.86,47.08,2.47,TC00040,Kimberly Miller,Cybersecurity,24,4.58,17.542168674698797,4.344879518072289
CR00041,2025-10,19,1023.34,53.86,2025-10,10,10.0,538.6,12.666666666666666,682.2266666666666,122.0,6570.92,53.86,Financial Accounting,Finance,Paid,Beginner,53.86,47.08,2.47,TC00040,Kimberly Miller,Cybersecurity,24,4.58,17.542168674698797,4.344879518072289
CR00041,2025-11,15,807.9,53.86,2025-11,11,19.0,1023.34,14.333333333333334,771.9933333333333,141.0,7594.26,53.86,Financial Accounting,Finance,Paid,Beginner,53.86,47.08,2.47,TC00040,Kimberly Miller,Cybersecurity,24,4.58,17.542168674698797,4.344879518072289
CR00041,2025-12,10,538.6,53.86,2025-12,12,15.0,807.9,14.666666666666666,789.9466666666667,156.0,8402.16,53.86,Financial Accounting,Finance,Paid,Beginner,53.86,47.08,2.47,TC00040,Kimberly Miller,Cybersecurity,24,4.58,17.542168674698797,4.344879518072289
CR00042,2025-01,15,0.0,0.0,2025-01,1,15.181818181818182,0.0,15.181818181818182,0.0,0.0,0.0,0.0,Investment Strategies,Finance,Free,Intermediate,0.0,34.83,4.1,TC00042,Yolanda Levine,Machine Learning,21,4.97,14.612021857923498,4.150437158469945
CR00042,2025-02,18,0.0,0.0,2025-02,2,15.0,0.0,15.0,0.0,15.0,0.0,0.0,Investment Strategies,Finance,Free,Intermediate,0.0,34.83,4.1,TC00042,Yolanda Levine,Machine Learning,21,4.97,14.612021857923498,4.150437158469945
CR00042,2025-03,11,0.0,0.0,2025-03,3,18.0,0.0,16.5,0.0,33.0,0.0,0.0,Investment Strategies,Finance,Free,Intermediate,0.0,34.83,4.1,TC00042,Yolanda Levine,Machine Learning,21,4.97,14.612021857923498,4.150437158469945
CR00042,2025-04,17,0.0,0.0,2025-04,4,11.0,0.0,14.666666666666666,0.0,44.0,0.0,0.0,Investment Strategies,Finance,Free,Intermediate,0.0,34.83,4.1,TC00042,Yolanda Levine,Machine Learning,21,4.97,14.612021857923498,4.150437158469945
CR00042,2025-05,18,0.0,0.0,2025-05,5,17.0,0.0,15.333333333333334,0.0,61.0,0.0,0.0,Investment Strategies,Finance,Free,Intermediate,0.0,34.83,4.1,TC00042,Yolanda Levine,Machine Learning,21,4.97,14.612021857923498,4.150437158469945
CR00042,2025-06,9,0.0,0.0,2025-06,6,18.0,0.0,15.333333333333334,0.0,79.0,0.0,0.0,Investment Strategies,Finance,Free,Intermediate,0.0,34.83,4.1,TC00042,Yolanda Levine,Machine Learning,21,4.97,14.612021857923498,4.150437158469945
CR00042,2025-07,20,0.0,0.0,2025-07,7,9.0,0.0,14.666666666666666,0.0,88.0,0.0,0.0,Investment Strategies,Finance,Free,Intermediate,0.0,34.83,4.1,TC00042,Yolanda Levine,Machine Learning,21,4.97,14.612021857923498,4.150437158469945
CR00042,2025-08,20,0.0,0.0,2025-08,8,20.0,0.0,15.666666666666666,0.0,108.0,0.0,0.0,Investment Strategies,Finance,Free,Intermediate,0.0,34.83,4.1,TC00042,Yolanda Levine,Machine Learning,21,4.97,14.612021857923498,4.150437158469945
CR00042,2025-09,18,0.0,0.0,2025-09,9,20.0,0.0,16.333333333333332,0.0,128.0,0.0,0.0,Investment Strategies,Finance,Free,Intermediate,0.0,34.83,4.1,TC00042,Yolanda Levine,Machine Learning,21,4.97,14.612021857923498,4.150437158469945
CR00042,2025-10,10,0.0,0.0,2025-10,10,18.0,0.0,19.333333333333332,0.0,146.0,0.0,0.0,Investment Strategies,Finance,Free,Intermediate,0.0,34.83,4.1,TC00042,Yolanda Levine,Machine Learning,21,4.97,14.612021857923498,4.150437158469945
CR00042,2025-11,11,0.0,0.0,2025-11,11,10.0,0.0,16.0,0.0,156.0,0.0,0.0,Investment Strategies,Finance,Free,Intermediate,0.0,34.83,4.1,TC00042,Yolanda Levine,Machine Learning,21,4.97,14.612021857923498,4.150437158469945
CR00042,2025-12,16,0.0,0.0,2025-12,12,11.0,0.0,13.0,0.0,167.0,0.0,0.0,Investment Strategies,Finance,Free,Intermediate,0.0,34.83,4.1,TC00042,Yolanda Levine,Machine Learning,21,4.97,14.612021857923498,4.150437158469945
CR00043,2025-01,22,0.0,0.0,2025-01,1,14.727272727272727,0.0,14.727272727272727,0.0,0.0,0.0,0.0,Corporate Finance,Finance,Free,Beginner,0.0,31.77,4.14,TC00040,Kimberly Miller,Cybersecurity,24,4.58,16.36813186813187,4.235659340659341
CR00043,2025-02,12,0.0,0.0,2025-02,2,22.0,0.0,22.0,0.0,22.0,0.0,0.0,Corporate Finance,Finance,Free,Beginner,0.0,31.77,4.14,TC00040,Kimberly Miller,Cybersecurity,24,4.58,16.36813186813187,4.235659340659341
CR00043,2025-03,11,0.0,0.0,2025-03,3,12.0,0.0,17.0,0.0,34.0,0.0,0.0,Corporate Finance,Finance,Free,Beginner,0.0,31.77,4.14,TC00040,Kimberly Miller,Cybersecurity,24,4.58,16.36813186813187,4.235659340659341
CR00043,2025-04,13,0.0,0.0,2025-04,4,11.0,0.0,15.0,0.0,45.0,0.0,0.0,Corporate Finance,Finance,Free,Beginner,0.0,31.77,4.14,TC00040,Kimberly Miller,Cybersecurity,24,4.58,16.36813186813187,4.235659340659341
CR00043,2025-05,17,0.0,0.0,2025-05,5,13.0,0.0,12.0,0.0,58.0,0.0,0.0,Corporate Finance,Finance,Free,Beginner,0.0,31.77,4.14,TC00040,Kimberly Miller,Cybersecurity,24,4.58,16.36813186813187,4.235659340659341
CR00043,2025-06,13,0.0,0.0,2025-06,6,17.0,0.0,13.666666666666666,0.0,75.0,0.0,0.0,Corporate Finance,Finance,Free,Beginner,0.0,31.77,4.14,TC00040,Kimberly Miller,Cybersecurity,24,4.58,16.36813186813187,4.235659340659341
CR00043,2025-07,13,0.0,0.0,2025-07,7,13.0,0.0,14.333333333333334,0.0,88.0,0.0,0.0,Corporate Finance,Finance,Free,Beginner,0.0,31.77,4.14,TC00040,Kimberly Miller,Cybersecurity,24,4.58,16.36813186813187,4.235659340659341
CR00043,2025-08,12,0.0,0.0,2025-08,8,13.0,0.0,14.333333333333334,0.0,101.0,0.0,0.0,Corporate Finance,Finance,Free,Beginner,0.0,31.77,4.14,TC00040,Kimberly Miller,Cybersecurity,24,4.58,16.36813186813187,4.235659340659341
CR00043,2025-09,16,0.0,0.0,2025-09,9,12.0,0.0,12.666666666666666,0.0,113.0,0.0,0.0,Corporate Finance,Finance,Free,Beginner,0.0,31.77,4.14,TC00040,Kimberly Miller,Cybersecurity,24,4.58,16.36813186813187,4.235659340659341
CR00043,2025-10,19,0.0,0.0,2025-10,10,16.0,0.0,13.666666666666666,0.0,129.0,0.0,0.0,Corporate Finance,Finance,Free,Beginner,0.0,31.77,4.14,TC00040,Kimberly Miller,Cybersecurity,24,4.58,16.36813186813187,4.235659340659341
CR00043,2025-11,14,0.0,0.0,2025-11,11,19.0,0.0,15.666666666666666,0.0,148.0,0.0,0.0,Corporate Finance,Finance,Free,Beginner,0.0,31.77,4.14,TC00040,Kimberly Miller,Cybersecurity,24,4.58,16.36813186813187,4.235659340659341
CR00043,2025-12,20,0.0,0.0,2025-12,12,14.0,0.0,16.333333333333332,0.0,162.0,0.0,0.0,Corporate Finance,Finance,Free,Beginner,0.0,31.77,4.14,TC00040,Kimberly Miller,Cybersecurity,24,4.58,16.36813186813187,4.235659340659341
CR00044,2025-01,10,1190.4,119.04,2025-01,1,13.454545454545455,1601.629090909091,13.454545454545455,1601.629090909091,0.0,0.0,0.0,Personal Finance,Finance,Paid,Intermediate,119.04,23.41,2.75,TC00040,Kimberly Miller,Cybersecurity,24,4.58,16.96894409937888,4.379751552795031
CR00044,2025-02,13,1547.52,119.03999999999999,2025-02,2,10.0,1190.4,10.0,1190.4,10.0,1190.4,119.04,Personal Finance,Finance,Paid,Intermediate,119.04,23.41,2.75,TC00040,Kimberly Miller,Cybersecurity,24,4.58,16.96894409937888,4.379751552795031
CR00044,2025-03,14,1666.5600000000002,119.04,2025-03,3,13.0,1547.52,11.5,1368.96,23.0,2737.92,119.04,Personal Finance,Finance,Paid,Intermediate,119.04,23.41,2.75,TC00040,Kimberly Miller,Cybersecurity,24,4.58,16.96894409937888,4.379751552795031
CR00044,2025-04,8,952.32,119.04,2025-04,4,14.0,1666.5600000000002,12.333333333333334,1468.16,37.0,4404.4800000000005,119.04,Personal Finance,Finance,Paid,Intermediate,119.04,23.41,2.75,TC00040,Kimberly Miller,Cybersecurity,24,4.58,16.96894409937888,4.379751552795031
CR00044,2025-05,9,1071.3600000000001,119.04000000000002,2025-05,5,8.0,952.32,11.666666666666666,1388.8000000000002,45.0,5356.8,119.04,Personal Finance,Finance,Paid,Intermediate,119.04,23.41,2.75,TC00040,Kimberly Miller,Cybersecurity,24,4.58,16.96894409937888,4.379751552795031
CR00044,2025-06,22,2618.88,119.04,2025-06,6,9.0,1071.3600000000001,10.333333333333334,1230.0800000000002,54.0,6428.16,119.03999999999999,Personal Finance,Finance,Paid,Intermediate,119.04,23.41,2.75,TC00040,Kimberly Miller,Cybersecurity,24,4.58,16.96894409937888,4.379751552795031
CR00044,2025-07,17,2023.68,119.04,2025-07,7,22.0,2618.88,13.0,1547.5200000000002,76.0,9047.04,119.04,Personal Finance,Finance,Paid,Intermediate,119.04,23.41,2.75,TC00040,Kimberly Miller,Cybersecurity,24,4.58,16.96894409937888,4.379751552795031
CR00044,2025-08,18,2142.7200000000003,119.04000000000002,2025-08,8,17.0,2023.68,16.0,1904.64,93.0,11070.720000000001,119.04,Personal Finance,Finance,Paid,Intermediate,119.04,23.41,2.75,TC00040,Kimberly Miller,Cybersecurity,24,4.58,16.96894409937888,4.379751552795031
CR00044,2025-09,15,1785.6000000000001,119.04,2025-09,9,18.0,2142.7200000000003,19.0,2261.7599999999998,111.0,13213.440000000002,119.04000000000002,Personal Finance,Finance,Paid,Intermediate,119.04,23.41,2.75,TC00040,Kimberly Miller,Cybersecurity,24,4.58,16.96894409937888,4.379751552795031
CR00044,2025-10,9,1071.3600000000001,119.04000000000002,2025-10,10,15.0,1785.6000000000001,16.666666666666668,1984.0,126.0,14999.040000000003,119.04000000000002,Personal Finance,Finance,Paid,Intermediate,119.04,23.41,2.75,TC00040,Kimberly Miller,Cybersecurity,24,4.58,16.96894409937888,4.379751552795031
CR00044,2025-11,13,1547.52,119.03999999999999,2025-11,11,9.0,1071.3600000000001,14.0,1666.5600000000002,135.0,16070.400000000003,119.04000000000002,Personal Finance,Finance,Paid,Intermediate,119.04,23.41,2.75,TC00040,Kimberly Miller,Cybersecurity,24,4.58,16.96894409937888,4.379751552795031
CR00044,2025-12,13,1547.52,119.03999999999999,2025-12,12,13.0,1547.52,12.333333333333334,1468.16,148.0,17617.920000000002,119.04,Personal Finance,Finance,Paid,Intermediate,119.04,23.41,2.75,TC00040,Kimberly Miller,Cybersecurity,24,4.58,16.96894409937888,4.379751552795031
CR00045,2025-01,14,0.0,0.0,2025-01,1,14.545454545454545,0.0,14.545454545454545,0.0,0.0,0.0,0.0,Financial Modeling,Finance,Free,Advanced,0.0,6.36,1.59,TC00040,Kimberly Miller,Cybersecurity,24,4.58,16.424418604651162,4.2875
CR00045,2025-02,13,0.0,0.0,2025-02,2,14.0,0.0,14.0,0.0,14.0,0.0,0.0,Financial Modeling,Finance,Free,Advanced,0.0,6.36,1.59,TC00040,Kimberly Miller,Cybersecurity,24,4.58,16.424418604651162,4.2875
CR00045,2025-03,16,0.0,0.0,2025-03,3,13.0,0.0,13.5,0.0,27.0,0.0,0.0,Financial Modeling,Finance,Free,Advanced,0.0,6.36,1.59,TC00040,Kimberly Miller,Cybersecurity,24,4.58,16.424418604651162,4.2875
CR00045,2025-04,18,0.0,0.0,2025-04,4,16.0,0.0,14.333333333333334,0.0,43.0,0.0,0.0,Financial Modeling,Finance,Free,Advanced,0.0,6.36,1.59,TC00040,Kimberly Miller,Cybersecurity,24,4.58,16.424418604651162,4.2875
CR00045,2025-05,9,0.0,0.0,2025-05,5,18.0,0.0,15.666666666666666,0.0,61.0,0.0,0.0,Financial Modeling,Finance,Free,Advanced,0.0,6.36,1.59,TC00040,Kimberly Miller,Cybersecurity,24,4.58,16.424418604651162,4.2875
CR00045,2025-06,16,0.0,0.0,2025-06,6,9.0,0.0,14.333333333333334,0.0,70.0,0.0,0.0,Financial Modeling,Finance,Free,Advanced,0.0,6.36,1.59,TC00040,Kimberly Miller,Cybersecurity,24,4.58,16.424418604651162,4.2875
CR00045,2025-07,18,0.0,0.0,2025-07,7,16.0,0.0,14.333333333333334,0.0,86.0,0.0,0.0,Financial Modeling,Finance,Free,Advanced,0.0,6.36,1.59,TC00040,Kimberly Miller,Cybersecurity,24,4.58,16.424418604651162,4.2875
CR00045,2025-08,12,0.0,0.0,2025-08,8,18.0,0.0,14.333333333333334,0.0,104.0,0.0,0.0,Financial Modeling,Finance,Free,Advanced,0.0,6.36,1.59,TC00040,Kimberly Miller,Cybersecurity,24,4.58,16.424418604651162,4.2875
CR00045,2025-09,15,0.0,0.0,2025-09,9,12.0,0.0,15.333333333333334,0.0,116.0,0.0,0.0,Financial Modeling,Finance,Free,Advanced,0.0,6.36,1.59,TC00040,Kimberly Miller,Cybersecurity,24,4.58,16.424418604651162,4.2875
CR00045,2025-10,15,0.0,0.0,2025-10,10,15.0,0.0,15.0,0.0,131.0,0.0,0.0,Financial Modeling,Finance,Free,Advanced,0.0,6.36,1.59,TC00040,Kimberly Miller,Cybersecurity,24,4.58,16.424418604651162,4.2875
CR00045,2025-11,14,0.0,0.0,2025-11,11,15.0,0.0,14.0,0.0,146.0,0.0,0.0,Financial Modeling,Finance,Free,Advanced,0.0,6.36,1.59,TC00040,Kimberly Miller,Cybersecurity,24,4.58,16.424418604651162,4.2875
CR00045,2025-12,12,0.0,0.0,2025-12,12,14.0,0.0,14.666666666666666,0.0,160.0,0.0,0.0,Financial Modeling,Finance,Free,Advanced,0.0,6.36,1.59,TC00040,Kimberly Miller,Cybersecurity,24,4.58,16.424418604651162,4.2875
CR00046,2025-01,12,2977.2,248.1,2025-01,1,12.181818181818182,3022.309090909091,12.181818181818182,3022.309090909091,0.0,0.0,0.0,AI for Beginners,Artificial Intelligence,Paid,Beginner,248.1,9.4,1.2,TC00040,Kimberly Miller,Cybersecurity,24,4.58,16.514285714285716,4.051
CR00046,2025-02,17,4217.7,248.1,2025-02,2,12.0,2977.2,12.0,2977.2,12.0,2977.2,248.1,AI for Beginners,Artificial Intelligence,Paid,Beginner,248.1,9.4,1.2,TC00040,Kimberly Miller,Cybersecurity,24,4.58,16.514285714285716,4.051
CR00046,2025-03,13,3225.2999999999997,248.09999999999997,2025-03,3,17.0,4217.7,14.5,3597.45,29.0,7194.9,248.1,AI for Beginners,Artificial Intelligence,Paid,Beginner,248.1,9.4,1.2,TC00040,Kimberly Miller,Cybersecurity,24,4.58,16.514285714285716,4.051
CR00046,2025-04,14,3473.4,248.1,2025-04,4,13.0,3225.2999999999997,14.0,3473.3999999999996,42.0,10420.199999999999,248.09999999999997,AI for Beginners,Artificial Intelligence,Paid,Beginner,248.1,9.4,1.2,TC00040,Kimberly Miller,Cybersecurity,24,4.58,16.514285714285716,4.051
CR00046,2025-05,14,3473.4,248.1,2025-05,5,14.0,3473.4,14.666666666666666,3638.7999999999997,56.0,13893.599999999999,248.09999999999997,AI for Beginners,Artificial Intelligence,Paid,Beginner,248.1,9.4,1.2,TC00040,Kimberly Miller,Cybersecurity,24,4.58,16.514285714285716,4.051
CR00046,2025-06,11,2729.1,248.1,2025-06,6,14.0,3473.4,13.666666666666666,3390.7000000000003,70.0,17367.0,248.1,AI for Beginners,Artificial Intelligence,Paid,Beginner,248.1,9.4,1.2,TC00040,Kimberly Miller,Cybersecurity,24,4.58,16.514285714285716,4.051
CR00046,2025-07,8,1984.8,248.1,2025-07,7,11.0,2729.1,13.0,3225.3000000000006,81.0,20096.1,248.1,AI for Beginners,Artificial Intelligence,Paid,Beginner,248.1,9.4,1.2,TC00040,Kimberly Miller,Cybersecurity,24,4.58,16.514285714285716,4.051
CR00046,2025-08,12,2977.2,248.1,2025-08,8,8.0,1984.8,11.0,2729.1,89.0,22080.899999999998,248.09999999999997,AI for Beginners,Artificial Intelligence,Paid,Beginner,248.1,9.4,1.2,TC00040,Kimberly Miller,Cybersecurity,24,4.58,16.514285714285716,4.051
CR00046,2025-09,9,2232.9,248.10000000000002,2025-09,9,12.0,2977.2,10.333333333333334,2563.7,101.0,25058.1,248.1,AI for Beginners,Artificial Intelligence,Paid,Beginner,248.1,9.4,1.2,TC00040,Kimberly Miller,Cybersecurity,24,4.58,16.514285714285716,4.051
CR00046,2025-10,10,2481.0,248.1,2025-10,10,9.0,2232.9,9.666666666666666,2398.2999999999997,110.0,27291.0,248.1,AI for Beginners,Artificial Intelligence,Paid,Beginner,248.1,9.4,1.2,TC00040,Kimberly Miller,Cybersecurity,24,4.58,16.514285714285716,4.051
CR00046,2025-11,14,3473.4,248.1,2025-11,11,10.0,2481.0,10.333333333333334,2563.7000000000003,120.0,29772.0,248.1,AI for Beginners,Artificial Intelligence,Paid,Beginner,248.1,9.4,1.2,TC00040,Kimberly Miller,Cybersecurity,24,4.58,16.514285714285716,4.051
CR00046,2025-12,6,1488.6,248.1,2025-12,12,14.0,3473.4,11.0,2729.1,134.0,33245.4,248.10000000000002,AI for Beginners,Artificial Intelligence,Paid,Beginner,248.1,9.4,1.2,TC00040,Kimberly Miller,Cybersecurity,24,4.58,16.514285714285716,4.051
CR00047,2025-01,18,1612.6200000000001,89.59,2025-01,1,13.909090909090908,1246.1154545454547,13.909090909090908,1246.1154545454547,0.0,0.0,0.0,Natural Language Processing,Artificial Intelligence,Paid,Intermediate,89.59,1.55,2.68,TC00042,Yolanda Levine,Machine Learning,21,4.97,15.265060240963855,3.9598795180722894
CR00047,2025-02,15,1343.8500000000001,89.59,2025-02,2,18.0,1612.6200000000001,18.0,1612.6200000000001,18.0,1612.6200000000001,89.59,Natural Language Processing,Artificial Intelligence,Paid,Intermediate,89.59,1.55,2.68,TC00042,Yolanda Levine,Machine Learning,21,4.97,15.265060240963855,3.9598795180722894
CR00047,2025-03,17,1523.03,89.59,2025-03,3,15.0,1343.8500000000001,16.5,1478.2350000000001,33.0,2956.4700000000003,89.59,Natural Language Processing,Artificial Intelligence,Paid,Intermediate,89.59,1.55,2.68,TC00042,Yolanda Levine,Machine Learning,21,4.97,15.265060240963855,3.9598795180722894
CR00047,2025-04,9,806.3100000000001,89.59,2025-04,4,17.0,1523.03,16.666666666666668,1493.1666666666667,50.0,4479.5,89.59,Natural Language Processing,Artificial Intelligence,Paid,Intermediate,89.59,1.55,2.68,TC00042,Yolanda Levine,Machine Learning,21,4.97,15.265060240963855,3.9598795180722894
CR00047,2025-05,13,1164.67,89.59,2025-05,5,9.0,806.3100000000001,13.666666666666666,1224.3966666666668,59.0,5285.81,89.59,Natural Language Processing,Artificial Intelligence,Paid,Intermediate,89.59,1.55,2.68,TC00042,Yolanda Levine,Machine Learning,21,4.97,15.265060240963855,3.9598795180722894
CR00047,2025-06,14,1254.26,89.59,2025-06,6,13.0,1164.67,13.0,1164.67,72.0,6450.4800000000005,89.59,Natural Language Processing,Artificial Intelligence,Paid,Intermediate,89.59,1.55,2.68,TC00042,Yolanda Levine,Machine Learning,21,4.97,15.265060240963855,3.9598795180722894
CR00047,2025-07,16,1433.44,89.59,2025-07,7,14.0,1254.26,12.0,1075.0800000000002,86.0,7704.740000000001,89.59,Natural Language Processing,Artificial Intelligence,Paid,Intermediate,89.59,1.55,2.68,TC00042,Yolanda Levine,Machine Learning,21,4.97,15.265060240963855,3.9598795180722894
CR00047,2025-08,10,895.9000000000001,89.59,2025-08,8,16.0,1433.44,14.333333333333334,1284.1233333333334,102.0,9138.18,89.59,Natural Language Processing,Artificial Intelligence,Paid,Intermediate,89.59,1.55,2.68,TC00042,Yolanda Levine,Machine Learning,21,4.97,15.265060240963855,3.9598795180722894
CR00047,2025-09,10,895.9000000000001,89.59,2025-09,9,10.0,895.9000000000001,13.333333333333334,1194.5333333333335,112.0,10034.08,89.59,Natural Language Processing,Artificial Intelligence,Paid,Intermediate,89.59,1.55,2.68,TC00042,Yolanda Levine,Machine Learning,21,4.97,15.265060240963855,3.9598795180722894
CR00047,2025-10,13,1164.67,89.59,2025-10,10,10.0,895.9000000000001,12.0,1075.0800000000002,122.0,10929.98,89.59,Natural Language Processing,Artificial Intelligence,Paid,Intermediate,89.59,1.55,2.68,TC00042,Yolanda Levine,Machine Learning,21,4.97,15.265060240963855,3.9598795180722894
CR00047,2025-11,18,1612.6200000000001,89.59,2025-11,11,13.0,1164.67,11.0,985.4900000000001,135.0,12094.65,89.59,Natural Language Processing,Artificial Intelligence,Paid,Intermediate,89.59,1.55,2.68,TC00042,Yolanda Levine,Machine Learning,21,4.97,15.265060240963855,3.9598795180722894
CR00047,2025-12,13,1164.67,89.59,2025-12,12,18.0,1612.6200000000001,13.666666666666666,1224.3966666666668,153.0,13707.27,89.59,Natural Language Processing,Artificial Intelligence,Paid,Intermediate,89.59,1.55,2.68,TC00042,Yolanda Levine,Machine Learning,21,4.97,15.265060240963855,3.9598795180722894
CR00048,2025-01,13,0.0,0.0,2025-01,1,14.909090909090908,0.0,14.909090909090908,0.0,0.0,0.0,0.0,AI Ethics,Artificial Intelligence,Free,Beginner,0.0,42.7,3.64,TC00042,Yolanda Levine,Machine Learning,21,4.97,15.844086021505376,4.057526881720429
CR00048,2025-02,19,0.0,0.0,2025-02,2,13.0,0.0,13.0,0.0,13.0,0.0,0.0,AI Ethics,Artificial Intelligence,Free,Beginner,0.0,42.7,3.64,TC00042,Yolanda Levine,Machine Learning,21,4.97,15.844086021505376,4.057526881720429
CR00048,2025-03,19,0.0,0.0,2025-03,3,19.0,0.0,16.0,0.0,32.0,0.0,0.0,AI Ethics,Artificial Intelligence,Free,Beginner,0.0,42.7,3.64,TC00042,Yolanda Levine,Machine Learning,21,4.97,15.844086021505376,4.057526881720429
CR00048,2025-04,13,0.0,0.0,2025-04,4,19.0,0.0,17.0,0.0,51.0,0.0,0.0,AI Ethics,Artificial Intelligence,Free,Beginner,0.0,42.7,3.64,TC00042,Yolanda Levine,Machine Learning,21,4.97,15.844086021505376,4.057526881720429
CR00048,2025-05,16,0.0,0.0,2025-05,5,13.0,0.0,17.0,0.0,64.0,0.0,0.0,AI Ethics,Artificial Intelligence,Free,Beginner,0.0,42.7,3.64,TC00042,Yolanda Levine,Machine Learning,21,4.97,15.844086021505376,4.057526881720429
CR00048,2025-06,15,0.0,0.0,2025-06,6,16.0,0.0,16.0,0.0,80.0,0.0,0.0,AI Ethics,Artificial Intelligence,Free,Beginner,0.0,42.7,3.64,TC00042,Yolanda Levine,Machine Learning,21,4.97,15.844086021505376,4.057526881720429
CR00048,2025-07,14,0.0,0.0,2025-07,7,15.0,0.0,14.666666666666666,0.0,95.0,0.0,0.0,AI Ethics,Artificial Intelligence,Free,Beginner,0.0,42.7,3.64,TC00042,Yolanda Levine,Machine Learning,21,4.97,15.844086021505376,4.057526881720429
CR00048,2025-08,22,0.0,0.0,2025-08,8,14.0,0.0,15.0,0.0,109.0,0.0,0.0,AI Ethics,Artificial Intelligence,Free,Beginner,0.0,42.7,3.64,TC00042,Yolanda Levine,Machine Learning,21,4.97,15.844086021505376,4.057526881720429
CR00048,2025-09,12,0.0,0.0,2025-09,9,22.0,0.0,17.0,0.0,131.0,0.0,0.0,AI Ethics,Artificial Intelligence,Free,Beginner,0.0,42.7,3.64,TC00042,Yolanda Levine,Machine Learning,21,4.97,15.844086021505376,4.057526881720429
CR00048,2025-10,8,0.0,0.0,2025-10,10,12.0,0.0,16.0,0.0,143.0,0.0,0.0,AI Ethics,Artificial Intelligence,Free,Beginner,0.0,42.7,3.64,TC00042,Yolanda Levine,Machine Learning,21,4.97,15.844086021505376,4.057526881720429
CR00048,2025-11,13,0.0,0.0,2025-11,11,8.0,0.0,14.0,0.0,151.0,0.0,0.0,AI Ethics,Artificial Intelligence,Free,Beginner,0.0,42.7,3.64,TC00042,Yolanda Levine,Machine Learning,21,4.97,15.844086021505376,4.057526881720429
CR00048,2025-12,22,0.0,0.0,2025-12,12,13.0,0.0,11.0,0.0,164.0,0.0,0.0,AI Ethics,Artificial Intelligence,Free,Beginner,0.0,42.7,3.64,TC00042,Yolanda Levine,Machine Learning,21,4.97,15.844086021505376,4.057526881720429
CR00049,2025-01,22,9141.22,415.51,2025-01,1,13.363636363636363,5552.724545454545,13.363636363636363,5552.724545454545,0.0,0.0,0.0,Deep Learning,Artificial Intelligence,Paid,Intermediate,415.51,28.33,3.11,TC00042,Yolanda Levine,Machine Learning,21,4.97,15.39877300613497,4.038711656441717
CR00049,2025-02,11,4570.61,415.51,2025-02,2,22.0,9141.22,22.0,9141.22,22.0,9141.22,415.51,Deep Learning,Artificial Intelligence,Paid,Intermediate,415.51,28.33,3.11,TC00042,Yolanda Levine,Machine Learning,21,4.97,15.39877300613497,4.038711656441717
CR00049,2025-03,12,4986.12,415.51,2025-03,3,11.0,4570.61,16.5,6855.914999999999,33.0,13711.829999999998,415.50999999999993,Deep Learning,Artificial Intelligence,Paid,Intermediate,415.51,28.33,3.11,TC00042,Yolanda Levine,Machine Learning,21,4.97,15.39877300613497,4.038711656441717
CR00049,2025-04,10,4155.1,415.51000000000005,2025-04,4,12.0,4986.12,15.0,6232.649999999999,45.0,18697.949999999997,415.50999999999993,Deep Learning,Artificial Intelligence,Paid,Intermediate,415.51,28.33,3.11,TC00042,Yolanda Levine,Machine Learning,21,4.97,15.39877300613497,4.038711656441717
CR00049,2025-05,10,4155.1,415.51000000000005,2025-05,5,10.0,4155.1,11.0,4570.61,55.0,22853.049999999996,415.50999999999993,Deep Learning,Artificial Intelligence,Paid,Intermediate,415.51,28.33,3.11,TC00042,Yolanda Levine,Machine Learning,21,4.97,15.39877300613497,4.038711656441717
CR00049,2025-06,13,5401.63,415.51,2025-06,6,10.0,4155.1,10.666666666666666,4432.1066666666675,65.0,27008.149999999994,415.50999999999993,Deep Learning,Artificial Intelligence,Paid,Intermediate,415.51,28.33,3.11,TC00042,Yolanda Levine,Machine Learning,21,4.97,15.39877300613497,4.038711656441717
CR00049,2025-07,15,6232.65,415.51,2025-07,7,13.0,5401.63,11.0,4570.610000000001,78.0,32409.779999999995,415.50999999999993,Deep Learning,Artificial Intelligence,Paid,Intermediate,415.51,28.33,3.11,TC00042,Yolanda Levine,Machine Learning,21,4.97,15.39877300613497,4.038711656441717
CR00049,2025-08,11,4570.61,415.51,2025-08,8,15.0,6232.65,12.666666666666666,5263.126666666667,93.0,38642.42999999999,415.50999999999993,Deep Learning,Artificial Intelligence,Paid,Intermediate,415.51,28.33,3.11,TC00042,Yolanda Levine,Machine Learning,21,4.97,15.39877300613497,4.038711656441717
CR00049,2025-09,11,4570.61,415.51,2025-09,9,11.0,4570.61,13.0,5401.63,104.0,43213.03999999999,415.50999999999993,Deep Learning,Artificial Intelligence,Paid,Intermediate,415.51,28.33,3.11,TC00042,Yolanda Levine,Machine Learning,21,4.97,15.39877300613497,4.038711656441717
CR00049,2025-10,15,6232.65,415.51,2025-10,10,11.0,4570.61,12.333333333333334,5124.623333333333,115.0,47783.649999999994,415.50999999999993,Deep Learning,Artificial Intelligence,Paid,Intermediate,415.51,28.33,3.11,TC00042,Yolanda Levine,Machine Learning,21,4.97,15.39877300613497,4.038711656441717
CR00049,2025-11,17,7063.67,415.51,2025-11,11,15.0,6232.65,12.333333333333334,5124.623333333333,130.0,54016.299999999996,415.51,Deep Learning,Artificial Intelligence,Paid,Intermediate,415.51,28.33,3.11,TC00042,Yolanda Levine,Machine Learning,21,4.97,15.39877300613497,4.038711656441717
CR00049,2025-12,16,6648.16,415.51,2025-12,12,17.0,7063.67,14.333333333333334,5955.643333333333,147.0,61079.969999999994,415.50999999999993,Deep Learning,Artificial Intelligence,Paid,Intermediate,415.51,28.33,3.11,TC00042,Yolanda Levine,Machine Learning,21,4.97,15.39877300613497,4.038711656441717
CR00050,2025-01,15,7363.5,490.9,2025-01,1,14.636363636363637,7184.990909090909,14.636363636363637,7184.990909090909,0.0,0.0,0.0,Computer Vision,Artificial Intelligence,Paid,Beginner,490.9,7.55,4.55,TC00040,Kimberly Miller,Cybersecurity,24,4.58,15.21264367816092,3.9402873563218392
CR00050,2025-02,19,9327.1,490.90000000000003,2025-02,2,15.0,7363.5,15.0,7363.5,15.0,7363.5,490.9,Computer Vision,Artificial Intelligence,Paid,Beginner,490.9,7.55,4.55,TC00040,Kimberly Miller,Cybersecurity,24,4.58,15.21264367816092,3.9402873563218392
CR00050,2025-03,23,11290.699999999999,490.9,2025-03,3,19.0,9327.1,17.0,8345.3,34.0,16690.6,490.9,Computer Vision,Artificial Intelligence,Paid,Beginner,490.9,7.55,4.55,TC00040,Kimberly Miller,Cybersecurity,24,4.58,15.21264367816092,3.9402873563218392
CR00050,2025-04,15,7363.5,490.9,2025-04,4,23.0,11290.699999999999,19.0,9327.1,57.0,27981.299999999996,490.8999999999999,Computer Vision,Artificial Intelligence,Paid,Beginner,490.9,7.55,4.55,TC00040,Kimberly Miller,Cybersecurity,24,4.58,15.21264367816092,3.9402873563218392
CR00050,2025-05,10,4909.0,490.9,2025-05,5,15.0,7363.5,19.0,9327.1,72.0,35344.799999999996,490.8999999999999,Computer Vision,Artificial Intelligence,Paid,Beginner,490.9,7.55,4.55,TC00040,Kimberly Miller,Cybersecurity,24,4.58,15.21264367816092,3.9402873563218392
CR00050,2025-06,16,7854.4,490.9,2025-06,6,10.0,4909.0,16.0,7854.399999999999,82.0,40253.799999999996,490.8999999999999,Computer Vision,Artificial Intelligence,Paid,Beginner,490.9,7.55,4.55,TC00040,Kimberly Miller,Cybersecurity,24,4.58,15.21264367816092,3.9402873563218392
CR00050,2025-07,13,6381.7,490.9,2025-07,7,16.0,7854.4,13.666666666666666,6708.966666666667,98.0,48108.2,490.9,Computer Vision,Artificial Intelligence,Paid,Beginner,490.9,7.55,4.55,TC00040,Kimberly Miller,Cybersecurity,24,4.58,15.21264367816092,3.9402873563218392
CR00050,2025-08,8,3927.2,490.9,2025-08,8,13.0,6381.7,13.0,6381.7,111.0,54489.899999999994,490.8999999999999,Computer Vision,Artificial Intelligence,Paid,Beginner,490.9,7.55,4.55,TC00040,Kimberly Miller,Cybersecurity,24,4.58,15.21264367816092,3.9402873563218392
CR00050,2025-09,12,5890.799999999999,490.8999999999999,2025-09,9,8.0,3927.2,12.333333333333334,6054.433333333333,119.0,58417.09999999999,490.8999999999999,Computer Vision,Artificial Intelligence,Paid,Beginner,490.9,7.55,4.55,TC00040,Kimberly Miller,Cybersecurity,24,4.58,15.21264367816092,3.9402873563218392
CR00050,2025-10,13,6381.7,490.9,2025-10,10,12.0,5890.799999999999,11.0,5399.9,131.0,64307.899999999994,490.9,Computer Vision,Artificial Intelligence,Paid,Beginner,490.9,7.55,4.55,TC00040,Kimberly Miller,Cybersecurity,24,4.58,15.21264367816092,3.9402873563218392
CR00050,2025-11,17,8345.3,490.9,2025-11,11,13.0,6381.7,11.0,5399.900000000001,144.0,70689.59999999999,490.8999999999999,Computer Vision,Artificial Intelligence,Paid,Beginner,490.9,7.55,4.55,TC00040,Kimberly Miller,Cybersecurity,24,4.58,15.21264367816092,3.9402873563218392
CR00050,2025-12,13,6381.7,490.9,2025-12,12,17.0,8345.3,14.0,6872.599999999999,161.0,79034.9,490.9,Computer Vision,Artificial Intelligence,Paid,Beginner,490.9,7.55,4.55,TC00040,Kimberly Miller,Cybersecurity,24,4.58,15.21264367816092,3.9402873563218392
CR00051,2025-01,10,378.9,37.89,2025-01,1,14.090909090909092,533.9045454545454,14.090909090909092,533.9045454545454,0.0,0.0,0.0,HTML & CSS,Web Development,Paid,Advanced,37.89,24.11,1.3,TC00042,Yolanda Levine,Machine Learning,21,4.97,15.690058479532164,4.0678947368421055
CR00051,2025-02,15,568.35,37.89,2025-02,2,10.0,378.9,10.0,378.9,10.0,378.9,37.89,HTML & CSS,Web Development,Paid,Advanced,37.89,24.11,1.3,TC00042,Yolanda Levine,Machine Learning,21,4.97,15.690058479532164,4.0678947368421055
CR00051,2025-03,24,909.36,37.89,2025-03,3,15.0,568.35,12.5,473.625,25.0,947.25,37.89,HTML & CSS,Web Development,Paid,Advanced,37.89,24.11,1.3,TC00042,Yolanda Levine,Machine Learning,21,4.97,15.690058479532164,4.0678947368421055
CR00051,2025-04,11,416.79,37.89,2025-04,4,24.0,909.36,16.333333333333332,618.87,49.0,1856.6100000000001,37.89,HTML & CSS,Web Development,Paid,Advanced,37.89,24.11,1.3,TC00042,Yolanda Levine,Machine Learning,21,4.97,15.690058479532164,4.0678947368421055
CR00051,2025-05,15,568.35,37.89,2025-05,5,11.0,416.79,16.666666666666668,631.5,60.0,2273.4,37.89,HTML & CSS,Web Development,Paid,Advanced,37.89,24.11,1.3,TC00042,Yolanda Levine,Machine Learning,21,4.97,15.690058479532164,4.0678947368421055
CR00051,2025-06,13,492.57,37.89,2025-06,6,15.0,568.35,16.666666666666668,631.5,75.0,2841.75,37.89,HTML & CSS,Web Development,Paid,Advanced,37.89,24.11,1.3,TC00042,Yolanda Levine,Machine Learning,21,4.97,15.690058479532164,4.0678947368421055
CR00051,2025-07,14,530.46,37.89,2025-07,7,13.0,492.57,13.0,492.57,88.0,3334.32,37.89,HTML & CSS,Web Development,Paid,Advanced,37.89,24.11,1.3,TC00042,Yolanda Levine,Machine Learning,21,4.97,15.690058479532164,4.0678947368421055
CR00051,2025-08,14,530.46,37.89,2025-08,8,14.0,530.46,14.0,530.46,102.0,3864.78,37.89,HTML & CSS,Web Development,Paid,Advanced,37.89,24.11,1.3,TC00042,Yolanda Levine,Machine Learning,21,4.97,15.690058479532164,4.0678947368421055
CR00051,2025-09,13,492.57,37.89,2025-09,9,14.0,530.46,13.666666666666666,517.83,116.0,4395.24,37.89,HTML & CSS,Web Development,Paid,Advanced,37.89,24.11,1.3,TC00042,Yolanda Levine,Machine Learning,21,4.97,15.690058479532164,4.0678947368421055
CR00051,2025-10,11,416.79,37.89,2025-10,10,13.0,492.57,13.666666666666666,517.83,129.0,4887.8099999999995,37.88999999999999,HTML & CSS,Web Development,Paid,Advanced,37.89,24.11,1.3,TC00042,Yolanda Levine,Machine Learning,21,4.97,15.690058479532164,4.0678947368421055
CR00051,2025-11,15,568.35,37.89,2025-11,11,11.0,416.79,12.666666666666666,479.94000000000005,140.0,5304.599999999999,37.88999999999999,HTML & CSS,Web Development,Paid,Advanced,37.89,24.11,1.3,TC00042,Yolanda Levine,Machine Learning,21,4.97,15.690058479532164,4.0678947368421055
CR00051,2025-12,16,606.24,37.89,2025-12,12,15.0,568.35,13.0,492.57,155.0,5872.95,37.89,HTML & CSS,Web Development,Paid,Advanced,37.89,24.11,1.3,TC00042,Yolanda Levine,Machine Learning,21,4.97,15.690058479532164,4.0678947368421055
CR00052,2025-01,17,0.0,0.0,2025-01,1,13.090909090909092,0.0,13.090909090909092,0.0,0.0,0.0,0.0,JavaScript Mastery,Web Development,Free,Beginner,0.0,40.76,2.2,TC00042,Yolanda Levine,Machine Learning,21,4.97,15.2987012987013,4.05077922077922
CR00052,2025-02,14,0.0,0.0,2025-02,2,17.0,0.0,17.0,0.0,17.0,0.0,0.0,JavaScript Mastery,Web Development,Free,Beginner,0.0,40.76,2.2,TC00042,Yolanda Levine,Machine Learning,21,4.97,15.2987012987013,4.05077922077922
CR00052,2025-03,13,0.0,0.0,2025-03,3,14.0,0.0,15.5,0.0,31.0,0.0,0.0,JavaScript Mastery,Web Development,Free,Beginner,0.0,40.76,2.2,TC00042,Yolanda Levine,Machine Learning,21,4.97,15.2987012987013,4.05077922077922
CR00052,2025-04,16,0.0,0.0,2025-04,4,13.0,0.0,14.666666666666666,0.0,44.0,0.0,0.0,JavaScript Mastery,Web Development,Free,Beginner,0.0,40.76,2.2,TC00042,Yolanda Levine,Machine Learning,21,4.97,15.2987012987013,4.05077922077922
CR00052,2025-05,15,0.0,0.0,2025-05,5,16.0,0.0,14.333333333333334,0.0,60.0,0.0,0.0,JavaScript Mastery,Web Development,Free,Beginner,0.0,40.76,2.2,TC00042,Yolanda Levine,Machine Learning,21,4.97,15.2987012987013,4.05077922077922
CR00052,2025-06,13,0.0,0.0,2025-06,6,15.0,0.0,14.666666666666666,0.0,75.0,0.0,0.0,JavaScript Mastery,Web Development,Free,Beginner,0.0,40.76,2.2,TC00042,Yolanda Levine,Machine Learning,21,4.97,15.2987012987013,4.05077922077922
CR00052,2025-07,11,0.0,0.0,2025-07,7,13.0,0.0,14.666666666666666,0.0,88.0,0.0,0.0,JavaScript Mastery,Web Development,Free,Beginner,0.0,40.76,2.2,TC00042,Yolanda Levine,Machine Learning,21,4.97,15.2987012987013,4.05077922077922
CR00052,2025-08,14,0.0,0.0,2025-08,8,11.0,0.0,13.0,0.0,99.0,0.0,0.0,JavaScript Mastery,Web Development,Free,Beginner,0.0,40.76,2.2,TC00042,Yolanda Levine,Machine Learning,21,4.97,15.2987012987013,4.05077922077922
CR00052,2025-09,12,0.0,0.0,2025-09,9,14.0,0.0,12.666666666666666,0.0,113.0,0.0,0.0,JavaScript Mastery,Web Development,Free,Beginner,0.0,40.76,2.2,TC00042,Yolanda Levine,Machine Learning,21,4.97,15.2987012987013,4.05077922077922
CR00052,2025-10,8,0.0,0.0,2025-10,10,12.0,0.0,12.333333333333334,0.0,125.0,0.0,0.0,JavaScript Mastery,Web Development,Free,Beginner,0.0,40.76,2.2,TC00042,Yolanda Levine,Machine Learning,21,4.97,15.2987012987013,4.05077922077922
CR00052,2025-11,11,0.0,0.0,2025-11,11,8.0,0.0,11.333333333333334,0.0,133.0,0.0,0.0,JavaScript Mastery,Web Development,Free,Beginner,0.0,40.76,2.2,TC00042,Yolanda Levine,Machine Learning,21,4.97,15.2987012987013,4.05077922077922
CR00052,2025-12,10,0.0,0.0,2025-12,12,11.0,0.0,10.333333333333334,0.0,144.0,0.0,0.0,JavaScript Mastery,Web Development,Free,Beginner,0.0,40.76,2.2,TC00042,Yolanda Levine,Machine Learning,21,4.97,15.2987012987013,4.05077922077922
CR00053,2025-01,14,0.0,0.0,2025-01,1,13.545454545454545,0.0,13.545454545454545,0.0,0.0,0.0,0.0,React for Beginners,Web Development,Free,Advanced,0.0,40.07,2.67,TC00040,Kimberly Miller,Cybersecurity,24,4.58,15.276073619631902,3.9677914110429446
CR00053,2025-02,13,0.0,0.0,2025-02,2,14.0,0.0,14.0,0.0,14.0,0.0,0.0,React for Beginners,Web Development,Free,Advanced,0.0,40.07,2.67,TC00040,Kimberly Miller,Cybersecurity,24,4.58,15.276073619631902,3.9677914110429446
CR00053,2025-03,19,0.0,0.0,2025-03,3,13.0,0.0,13.5,0.0,27.0,0.0,0.0,React for Beginners,Web Development,Free,Advanced,0.0,40.07,2.67,TC00040,Kimberly Miller,Cybersecurity,24,4.58,15.276073619631902,3.9677914110429446
CR00053,2025-04,10,0.0,0.0,2025-04,4,19.0,0.0,15.333333333333334,0.0,46.0,0.0,0.0,React for Beginners,Web Development,Free,Advanced,0.0,40.07,2.67,TC00040,Kimberly Miller,Cybersecurity,24,4.58,15.276073619631902,3.9677914110429446
CR00053,2025-05,13,0.0,0.0,2025-05,5,10.0,0.0,14.0,0.0,56.0,0.0,0.0,React for Beginners,Web Development,Free,Advanced,0.0,40.07,2.67,TC00040,Kimberly Miller,Cybersecurity,24,4.58,15.276073619631902,3.9677914110429446
CR00053,2025-06,12,0.0,0.0,2025-06,6,13.0,0.0,14.0,0.0,69.0,0.0,0.0,React for Beginners,Web Development,Free,Advanced,0.0,40.07,2.67,TC00040,Kimberly Miller,Cybersecurity,24,4.58,15.276073619631902,3.9677914110429446
CR00053,2025-07,12,0.0,0.0,2025-07,7,12.0,0.0,11.666666666666666,0.0,81.0,0.0,0.0,React for Beginners,Web Development,Free,Advanced,0.0,40.07,2.67,TC00040,Kimberly Miller,Cybersecurity,24,4.58,15.276073619631902,3.9677914110429446
CR00053,2025-08,16,0.0,0.0,2025-08,8,12.0,0.0,12.333333333333334,0.0,93.0,0.0,0.0,React for Beginners,Web Development,Free,Advanced,0.0,40.07,2.67,TC00040,Kimberly Miller,Cybersecurity,24,4.58,15.276073619631902,3.9677914110429446
CR00053,2025-09,14,0.0,0.0,2025-09,9,16.0,0.0,13.333333333333334,0.0,109.0,0.0,0.0,React for Beginners,Web Development,Free,Advanced,0.0,40.07,2.67,TC00040,Kimberly Miller,Cybersecurity,24,4.58,15.276073619631902,3.9677914110429446
CR00053,2025-10,14,0.0,0.0,2025-10,10,14.0,0.0,14.0,0.0,123.0,0.0,0.0,React for Beginners,Web Development,Free,Advanced,0.0,40.07,2.67,TC00040,Kimberly Miller,Cybersecurity,24,4.58,15.276073619631902,3.9677914110429446
CR00053,2025-11,12,0.0,0.0,2025-11,11,14.0,0.0,14.666666666666666,0.0,137.0,0.0,0.0,React for Beginners,Web Development,Free,Advanced,0.0,40.07,2.67,TC00040,Kimberly Miller,Cybersecurity,24,4.58,15.276073619631902,3.9677914110429446
CR00053,2025-12,14,0.0,0.0,2025-12,12,12.0,0.0,13.333333333333334,0.0,149.0,0.0,0.0,React for Beginners,Web Development,Free,Advanced,0.0,40.07,2.67,TC00040,Kimberly Miller,Cybersecurity,24,4.58,15.276073619631902,3.9677914110429446
CR00054,2025-01,14,0.0,0.0,2025-01,1,14.636363636363637,0.0,14.636363636363637,0.0,0.0,0.0,0.0,Backend Development with Node.js,Web Development,Free,Beginner,0.0,48.57,3.32,TC00042,Yolanda Levine,Machine Learning,21,4.97,15.50561797752809,4.133089887640449
CR00054,2025-02,11,0.0,0.0,2025-02,2,14.0,0.0,14.0,0.0,14.0,0.0,0.0,Backend Development with Node.js,Web Development,Free,Beginner,0.0,48.57,3.32,TC00042,Yolanda Levine,Machine Learning,21,4.97,15.50561797752809,4.133089887640449
CR00054,2025-03,13,0.0,0.0,2025-03,3,11.0,0.0,12.5,0.0,25.0,0.0,0.0,Backend Development with Node.js,Web Development,Free,Beginner,0.0,48.57,3.32,TC00042,Yolanda Levine,Machine Learning,21,4.97,15.50561797752809,4.133089887640449
CR00054,2025-04,16,0.0,0.0,2025-04,4,13.0,0.0,12.666666666666666,0.0,38.0,0.0,0.0,Backend Development with Node.js,Web Development,Free,Beginner,0.0,48.57,3.32,TC00042,Yolanda Levine,Machine Learning,21,4.97,15.50561797752809,4.133089887640449
CR00054,2025-05,14,0.0,0.0,2025-05,5,16.0,0.0,13.333333333333334,0.0,54.0,0.0,0.0,Backend Development with Node.js,Web Development,Free,Beginner,0.0,48.57,3.32,TC00042,Yolanda Levine,Machine Learning,21,4.97,15.50561797752809,4.133089887640449
CR00054,2025-06,14,0.0,0.0,2025-06,6,14.0,0.0,14.333333333333334,0.0,68.0,0.0,0.0,Backend Development with Node.js,Web Development,Free,Beginner,0.0,48.57,3.32,TC00042,Yolanda Levine,Machine Learning,21,4.97,15.50561797752809,4.133089887640449
CR00054,2025-07,12,0.0,0.0,2025-07,7,14.0,0.0,14.666666666666666,0.0,82.0,0.0,0.0,Backend Development with Node.js,Web Development,Free,Beginner,0.0,48.57,3.32,TC00042,Yolanda Levine,Machine Learning,21,4.97,15.50561797752809,4.133089887640449
CR00054,2025-08,18,0.0,0.0,2025-08,8,12.0,0.0,13.333333333333334,0.0,94.0,0.0,0.0,Backend Development with Node.js,Web Development,Free,Beginner,0.0,48.57,3.32,TC00042,Yolanda Levine,Machine Learning,21,4.97,15.50561797752809,4.133089887640449
CR00054,2025-09,17,0.0,0.0,2025-09,9,18.0,0.0,14.666666666666666,0.0,112.0,0.0,0.0,Backend Development with Node.js,Web Development,Free,Beginner,0.0,48.57,3.32,TC00042,Yolanda Levine,Machine Learning,21,4.97,15.50561797752809,4.133089887640449
CR00054,2025-10,16,0.0,0.0,2025-10,10,17.0,0.0,15.666666666666666,0.0,129.0,0.0,0.0,Backend Development with Node.js,Web Development,Free,Beginner,0.0,48.57,3.32,TC00042,Yolanda Levine,Machine Learning,21,4.97,15.50561797752809,4.133089887640449
CR00054,2025-11,16,0.0,0.0,2025-11,11,16.0,0.0,17.0,0.0,145.0,0.0,0.0,Backend Development with Node.js,Web Development,Free,Beginner,0.0,48.57,3.32,TC00042,Yolanda Levine,Machine Learning,21,4.97,15.50561797752809,4.133089887640449
CR00054,2025-12,17,0.0,0.0,2025-12,12,16.0,0.0,16.333333333333332,0.0,161.0,0.0,0.0,Backend Development with Node.js,Web Development,Free,Beginner,0.0,48.57,3.32,TC00042,Yolanda Levine,Machine Learning,21,4.97,15.50561797752809,4.133089887640449
CR00055,2025-01,14,802.48,57.32,2025-01,1,14.363636363636363,823.3236363636363,14.363636363636363,823.3236363636363,0.0,0.0,0.0,Full-Stack Web Development,Web Development,Paid,Advanced,57.32,43.95,4.74,TC00040,Kimberly Miller,Cybersecurity,24,4.58,16.03370786516854,4.106179775280899
CR00055,2025-02,10,573.2,57.32000000000001,2025-02,2,14.0,802.48,14.0,802.48,14.0,802.48,57.32,Full-Stack Web Development,Web Development,Paid,Advanced,57.32,43.95,4.74,TC00040,Kimberly Miller,Cybersecurity,24,4.58,16.03370786516854,4.106179775280899
CR00055,2025-03,15,859.8,57.32,2025-03,3,10.0,573.2,12.0,687.84,24.0,1375.68,57.32,Full-Stack Web Development,Web Development,Paid,Advanced,57.32,43.95,4.74,TC00040,Kimberly Miller,Cybersecurity,24,4.58,16.03370786516854,4.106179775280899
CR00055,2025-04,14,802.48,57.32,2025-04,4,15.0,859.8,13.0,745.16,39.0,2235.48,57.32,Full-Stack Web Development,Web Development,Paid,Advanced,57.32,43.95,4.74,TC00040,Kimberly Miller,Cybersecurity,24,4.58,16.03370786516854,4.106179775280899
CR00055,2025-05,15,859.8,57.32,2025-05,5,14.0,802.48,13.0,745.16,53.0,3037.96,57.32,Full-Stack Web Development,Web Development,Paid,Advanced,57.32,43.95,4.74,TC00040,Kimberly Miller,Cybersecurity,24,4.58,16.03370786516854,4.106179775280899
CR00055,2025-06,22,1261.04,57.32,2025-06,6,15.0,859.8,14.666666666666666,840.6933333333333,68.0,3897.76,57.32,Full-Stack Web Development,Web Development,Paid,Advanced,57.32,43.95,4.74,TC00040,Kimberly Miller,Cybersecurity,24,4.58,16.03370786516854,4.106179775280899
CR00055,2025-07,10,573.2,57.32000000000001,2025-07,7,22.0,1261.04,17.0,974.4399999999999,90.0,5158.8,57.32,Full-Stack Web Development,Web Development,Paid,Advanced,57.32,43.95,4.74,TC00040,Kimberly Miller,Cybersecurity,24,4.58,16.03370786516854,4.106179775280899
CR00055,2025-08,14,802.48,57.32,2025-08,8,10.0,573.2,15.666666666666666,898.0133333333333,100.0,5732.0,57.32,Full-Stack Web Development,Web Development,Paid,Advanced,57.32,43.95,4.74,TC00040,Kimberly Miller,Cybersecurity,24,4.58,16.03370786516854,4.106179775280899
CR00055,2025-09,18,1031.76,57.32,2025-09,9,14.0,802.48,15.333333333333334,878.9066666666668,114.0,6534.48,57.31999999999999,Full-Stack Web Development,Web Development,Paid,Advanced,57.32,43.95,4.74,TC00040,Kimberly Miller,Cybersecurity,24,4.58,16.03370786516854,4.106179775280899
CR00055,2025-10,13,745.16,57.32,2025-10,10,18.0,1031.76,14.0,802.48,132.0,7566.24,57.32,Full-Stack Web Development,Web Development,Paid,Advanced,57.32,43.95,4.74,TC00040,Kimberly Miller,Cybersecurity,24,4.58,16.03370786516854,4.106179775280899
CR00055,2025-11,13,745.16,57.32,2025-11,11,13.0,745.16,15.0,859.8000000000001,145.0,8311.4,57.32,Full-Stack Web Development,Web Development,Paid,Advanced,57.32,43.95,4.74,TC00040,Kimberly Miller,Cybersecurity,24,4.58,16.03370786516854,4.106179775280899
CR00055,2025-12,20,1146.4,57.32000000000001,2025-12,12,13.0,745.16,14.666666666666666,840.6933333333333,158.0,9056.56,57.32,Full-Stack Web Development,Web Development,Paid,Advanced,57.32,43.95,4.74,TC00040,Kimberly Miller,Cybersecurity,24,4.58,16.03370786516854,4.106179775280899
CR00056,2025-01,14,2973.46,212.39000000000001,2025-01,1,12.818181818181818,2722.453636363636,12.818181818181818,2722.453636363636,0.0,0.0,0.0,Google Ads Mastery,Digital Marketing,Paid,Advanced,212.39,22.89,3.15,TC00042,Yolanda Levine,Machine Learning,21,4.97,15.783783783783784,4.199391891891892
CR00056,2025-02,8,1699.12,212.39,2025-02,2,14.0,2973.46,14.0,2973.46,14.0,2973.46,212.39000000000001,Google Ads Mastery,Digital Marketing,Paid,Advanced,212.39,22.89,3.15,TC00042,Yolanda Levine,Machine Learning,21,4.97,15.783783783783784,4.199391891891892
CR00056,2025-03,16,3398.24,212.39,2025-03,3,8.0,1699.12,11.0,2336.29,22.0,4672.58,212.39,Google Ads Mastery,Digital Marketing,Paid,Advanced,212.39,22.89,3.15,TC00042,Yolanda Levine,Machine Learning,21,4.97,15.783783783783784,4.199391891891892
CR00056,2025-04,12,2548.68,212.39,2025-04,4,16.0,3398.24,12.666666666666666,2690.273333333333,38.0,8070.82,212.39,Google Ads Mastery,Digital Marketing,Paid,Advanced,212.39,22.89,3.15,TC00042,Yolanda Levine,Machine Learning,21,4.97,15.783783783783784,4.199391891891892
CR00056,2025-05,13,2761.0699999999997,212.39,2025-05,5,12.0,2548.68,12.0,2548.68,50.0,10619.5,212.39,Google Ads Mastery,Digital Marketing,Paid,Advanced,212.39,22.89,3.15,TC00042,Yolanda Levine,Machine Learning,21,4.97,15.783783783783784,4.199391891891892
CR00056,2025-06,19,4035.41,212.39,2025-06,6,13.0,2761.0699999999997,13.666666666666666,2902.6633333333334,63.0,13380.57,212.39,Google Ads Mastery,Digital Marketing,Paid,Advanced,212.39,22.89,3.15,TC00042,Yolanda Levine,Machine Learning,21,4.97,15.783783783783784,4.199391891891892
CR00056,2025-07,14,2973.46,212.39000000000001,2025-07,7,19.0,4035.41,14.666666666666666,3115.0533333333333,82.0,17415.98,212.39,Google Ads Mastery,Digital Marketing,Paid,Advanced,212.39,22.89,3.15,TC00042,Yolanda Levine,Machine Learning,21,4.97,15.783783783783784,4.199391891891892
CR00056,2025-08,7,1486.73,212.39000000000001,2025-08,8,14.0,2973.46,15.333333333333334,3256.646666666666,96.0,20389.44,212.39,Google Ads Mastery,Digital Marketing,Paid,Advanced,212.39,22.89,3.15,TC00042,Yolanda Levine,Machine Learning,21,4.97,15.783783783783784,4.199391891891892
CR00056,2025-09,12,2548.68,212.39,2025-09,9,7.0,1486.73,13.333333333333334,2831.8666666666663,103.0,21876.17,212.39,Google Ads Mastery,Digital Marketing,Paid,Advanced,212.39,22.89,3.15,TC00042,Yolanda Levine,Machine Learning,21,4.97,15.783783783783784,4.199391891891892
CR00056,2025-10,11,2336.29,212.39,2025-10,10,12.0,2548.68,11.0,2336.2899999999995,115.0,24424.85,212.39,Google Ads Mastery,Digital Marketing,Paid,Advanced,212.39,22.89,3.15,TC00042,Yolanda Levine,Machine Learning,21,4.97,15.783783783783784,4.199391891891892
CR00056,2025-11,15,3185.85,212.39,2025-11,11,11.0,2336.29,10.0,2123.9,126.0,26761.14,212.39,Google Ads Mastery,Digital Marketing,Paid,Advanced,212.39,22.89,3.15,TC00042,Yolanda Levine,Machine Learning,21,4.97,15.783783783783784,4.199391891891892
CR00056,2025-12,7,1486.73,212.39000000000001,2025-12,12,15.0,3185.85,12.666666666666666,2690.273333333333,141.0,29946.989999999998,212.39,Google Ads Mastery,Digital Marketing,Paid,Advanced,212.39,22.89,3.15,TC00042,Yolanda Levine,Machine Learning,21,4.97,15.783783783783784,4.199391891891892
CR00057,2025-01,16,2837.44,177.34,2025-01,1,12.181818181818182,2160.323636363637,12.181818181818182,2160.323636363637,0.0,0.0,0.0,SEO for E-commerce,Digital Marketing,Paid,Advanced,177.34,49.73,3.89,TC00040,Kimberly Miller,Cybersecurity,24,4.58,15.321428571428571,4.0996428571428565
CR00057,2025-02,9,1596.06,177.34,2025-02,2,16.0,2837.44,16.0,2837.44,16.0,2837.44,177.34,SEO for E-commerce,Digital Marketing,Paid,Advanced,177.34,49.73,3.89,TC00040,Kimberly Miller,Cybersecurity,24,4.58,15.321428571428571,4.0996428571428565
CR00057,2025-03,8,1418.72,177.34,2025-03,3,9.0,1596.06,12.5,2216.75,25.0,4433.5,177.34,SEO for E-commerce,Digital Marketing,Paid,Advanced,177.34,49.73,3.89,TC00040,Kimberly Miller,Cybersecurity,24,4.58,15.321428571428571,4.0996428571428565
CR00057,2025-04,14,2482.76,177.34,2025-04,4,8.0,1418.72,11.0,1950.74,33.0,5852.22,177.34,SEO for E-commerce,Digital Marketing,Paid,Advanced,177.34,49.73,3.89,TC00040,Kimberly Miller,Cybersecurity,24,4.58,15.321428571428571,4.0996428571428565
CR00057,2025-05,14,2482.76,177.34,2025-05,5,14.0,2482.76,10.333333333333334,1832.5133333333335,47.0,8334.98,177.34,SEO for E-commerce,Digital Marketing,Paid,Advanced,177.34,49.73,3.89,TC00040,Kimberly Miller,Cybersecurity,24,4.58,15.321428571428571,4.0996428571428565
CR00057,2025-06,18,3192.12,177.34,2025-06,6,14.0,2482.76,12.0,2128.0800000000004,61.0,10817.74,177.34,SEO for E-commerce,Digital Marketing,Paid,Advanced,177.34,49.73,3.89,TC00040,Kimberly Miller,Cybersecurity,24,4.58,15.321428571428571,4.0996428571428565
CR00057,2025-07,13,2305.42,177.34,2025-07,7,18.0,3192.12,15.333333333333334,2719.2133333333336,79.0,14009.86,177.34,SEO for E-commerce,Digital Marketing,Paid,Advanced,177.34,49.73,3.89,TC00040,Kimberly Miller,Cybersecurity,24,4.58,15.321428571428571,4.0996428571428565
CR00057,2025-08,12,2128.08,177.34,2025-08,8,13.0,2305.42,15.0,2660.1,92.0,16315.28,177.34,SEO for E-commerce,Digital Marketing,Paid,Advanced,177.34,49.73,3.89,TC00040,Kimberly Miller,Cybersecurity,24,4.58,15.321428571428571,4.0996428571428565
CR00057,2025-09,14,2482.76,177.34,2025-09,9,12.0,2128.08,14.333333333333334,2541.8733333333334,104.0,18443.36,177.34,SEO for E-commerce,Digital Marketing,Paid,Advanced,177.34,49.73,3.89,TC00040,Kimberly Miller,Cybersecurity,24,4.58,15.321428571428571,4.0996428571428565
CR00057,2025-10,4,709.36,177.34,2025-10,10,14.0,2482.76,13.0,2305.42,118.0,20926.120000000003,177.34000000000003,SEO for E-commerce,Digital Marketing,Paid,Advanced,177.34,49.73,3.89,TC00040,Kimberly Miller,Cybersecurity,24,4.58,15.321428571428571,4.0996428571428565
CR00057,2025-11,12,2128.08,177.34,2025-11,11,4.0,709.36,10.0,1773.3999999999999,122.0,21635.480000000003,177.34000000000003,SEO for E-commerce,Digital Marketing,Paid,Advanced,177.34,49.73,3.89,TC00040,Kimberly Miller,Cybersecurity,24,4.58,15.321428571428571,4.0996428571428565
CR00057,2025-12,6,1064.04,177.34,2025-12,12,12.0,2128.08,10.0,1773.4000000000003,134.0,23763.560000000005,177.34000000000003,SEO for E-commerce,Digital Marketing,Paid,Advanced,177.34,49.73,3.89,TC00040,Kimberly Miller,Cybersecurity,24,4.58,15.321428571428571,4.0996428571428565
CR00058,2025-01,15,0.0,0.0,2025-01,1,16.454545454545453,0.0,16.454545454545453,0.0,0.0,0.0,0.0,Social Media Strategy,Digital Marketing,Free,Beginner,0.0,1.46,4.44,TC00040,Kimberly Miller,Cybersecurity,24,4.58,16.242268041237114,4.192474226804124
CR00058,2025-02,15,0.0,0.0,2025-02,2,15.0,0.0,15.0,0.0,15.0,0.0,0.0,Social Media Strategy,Digital Marketing,Free,Beginner,0.0,1.46,4.44,TC00040,Kimberly Miller,Cybersecurity,24,4.58,16.242268041237114,4.192474226804124
CR00058,2025-03,16,0.0,0.0,2025-03,3,15.0,0.0,15.0,0.0,30.0,0.0,0.0,Social Media Strategy,Digital Marketing,Free,Beginner,0.0,1.46,4.44,TC00040,Kimberly Miller,Cybersecurity,24,4.58,16.242268041237114,4.192474226804124
CR00058,2025-04,19,0.0,0.0,2025-04,4,16.0,0.0,15.333333333333334,0.0,46.0,0.0,0.0,Social Media Strategy,Digital Marketing,Free,Beginner,0.0,1.46,4.44,TC00040,Kimberly Miller,Cybersecurity,24,4.58,16.242268041237114,4.192474226804124
CR00058,2025-05,12,0.0,0.0,2025-05,5,19.0,0.0,16.666666666666668,0.0,65.0,0.0,0.0,Social Media Strategy,Digital Marketing,Free,Beginner,0.0,1.46,4.44,TC00040,Kimberly Miller,Cybersecurity,24,4.58,16.242268041237114,4.192474226804124
CR00058,2025-06,17,0.0,0.0,2025-06,6,12.0,0.0,15.666666666666666,0.0,77.0,0.0,0.0,Social Media Strategy,Digital Marketing,Free,Beginner,0.0,1.46,4.44,TC00040,Kimberly Miller,Cybersecurity,24,4.58,16.242268041237114,4.192474226804124
CR00058,2025-07,10,0.0,0.0,2025-07,7,17.0,0.0,16.0,0.0,94.0,0.0,0.0,Social Media Strategy,Digital Marketing,Free,Beginner,0.0,1.46,4.44,TC00040,Kimberly Miller,Cybersecurity,24,4.58,16.242268041237114,4.192474226804124
CR00058,2025-08,19,0.0,0.0,2025-08,8,10.0,0.0,13.0,0.0,104.0,0.0,0.0,Social Media Strategy,Digital Marketing,Free,Beginner,0.0,1.46,4.44,TC00040,Kimberly Miller,Cybersecurity,24,4.58,16.242268041237114,4.192474226804124
CR00058,2025-09,17,0.0,0.0,2025-09,9,19.0,0.0,15.333333333333334,0.0,123.0,0.0,0.0,Social Media Strategy,Digital Marketing,Free,Beginner,0.0,1.46,4.44,TC00040,Kimberly Miller,Cybersecurity,24,4.58,16.242268041237114,4.192474226804124
CR00058,2025-10,18,0.0,0.0,2025-10,10,17.0,0.0,15.333333333333334,0.0,140.0,0.0,0.0,Social Media Strategy,Digital Marketing,Free,Beginner,0.0,1.46,4.44,TC00040,Kimberly Miller,Cybersecurity,24,4.58,16.242268041237114,4.192474226804124
CR00058,2025-11,23,0.0,0.0,2025-11,11,18.0,0.0,18.0,0.0,158.0,0.0,0.0,Social Media Strategy,Digital Marketing,Free,Beginner,0.0,1.46,4.44,TC00040,Kimberly Miller,Cybersecurity,24,4.58,16.242268041237114,4.192474226804124
CR00058,2025-12,13,0.0,0.0,2025-12,12,23.0,0.0,19.333333333333332,0.0,181.0,0.0,0.0,Social Media Strategy,Digital Marketing,Free,Beginner,0.0,1.46,4.44,TC00040,Kimberly Miller,Cybersecurity,24,4.58,16.242268041237114,4.192474226804124
CR00059,2025-01,14,0.0,0.0,2025-01,1,13.545454545454545,0.0,13.545454545454545,0.0,0.0,0.0,0.0,Affiliate Marketing,Digital Marketing,Free,Intermediate,0.0,5.95,4.66,TC00040,Kimberly Miller,Cybersecurity,24,4.58,14.73913043478261,3.9988198757763973
CR00059,2025-02,17,0.0,0.0,2025-02,2,14.0,0.0,14.0,0.0,14.0,0.0,0.0,Affiliate Marketing,Digital Marketing,Free,Intermediate,0.0,5.95,4.66,TC00040,Kimberly Miller,Cybersecurity,24,4.58,14.73913043478261,3.9988198757763973
CR00059,2025-03,25,0.0,0.0,2025-03,3,17.0,0.0,15.5,0.0,31.0,0.0,0.0,Affiliate Marketing,Digital Marketing,Free,Intermediate,0.0,5.95,4.66,TC00040,Kimberly Miller,Cybersecurity,24,4.58,14.73913043478261,3.9988198757763973
CR00059,2025-04,12,0.0,0.0,2025-04,4,25.0,0.0,18.666666666666668,0.0,56.0,0.0,0.0,Affiliate Marketing,Digital Marketing,Free,Intermediate,0.0,5.95,4.66,TC00040,Kimberly Miller,Cybersecurity,24,4.58,14.73913043478261,3.9988198757763973
CR00059,2025-05,12,0.0,0.0,2025-05,5,12.0,0.0,18.0,0.0,68.0,0.0,0.0,Affiliate Marketing,Digital Marketing,Free,Intermediate,0.0,5.95,4.66,TC00040,Kimberly Miller,Cybersecurity,24,4.58,14.73913043478261,3.9988198757763973
CR00059,2025-06,11,0.0,0.0,2025-06,6,12.0,0.0,16.333333333333332,0.0,80.0,0.0,0.0,Affiliate Marketing,Digital Marketing,Free,Intermediate,0.0,5.95,4.66,TC00040,Kimberly Miller,Cybersecurity,24,4.58,14.73913043478261,3.9988198757763973
CR00059,2025-07,9,0.0,0.0,2025-07,7,11.0,0.0,11.666666666666666,0.0,91.0,0.0,0.0,Affiliate Marketing,Digital Marketing,Free,Intermediate,0.0,5.95,4.66,TC00040,Kimberly Miller,Cybersecurity,24,4.58,14.73913043478261,3.9988198757763973
CR00059,2025-08,19,0.0,0.0,2025-08,8,9.0,0.0,10.666666666666666,0.0,100.0,0.0,0.0,Affiliate Marketing,Digital Marketing,Free,Intermediate,0.0,5.95,4.66,TC00040,Kimberly Miller,Cybersecurity,24,4.58,14.73913043478261,3.9988198757763973
CR00059,2025-09,13,0.0,0.0,2025-09,9,19.0,0.0,13.0,0.0,119.0,0.0,0.0,Affiliate Marketing,Digital Marketing,Free,Intermediate,0.0,5.95,4.66,TC00040,Kimberly Miller,Cybersecurity,24,4.58,14.73913043478261,3.9988198757763973
CR00059,2025-10,4,0.0,0.0,2025-10,10,13.0,0.0,13.666666666666666,0.0,132.0,0.0,0.0,Affiliate Marketing,Digital Marketing,Free,Intermediate,0.0,5.95,4.66,TC00040,Kimberly Miller,Cybersecurity,24,4.58,14.73913043478261,3.9988198757763973
CR00059,2025-11,13,0.0,0.0,2025-11,11,4.0,0.0,12.0,0.0,136.0,0.0,0.0,Affiliate Marketing,Digital Marketing,Free,Intermediate,0.0,5.95,4.66,TC00040,Kimberly Miller,Cybersecurity,24,4.58,14.73913043478261,3.9988198757763973
CR00059,2025-12,12,0.0,0.0,2025-12,12,13.0,0.0,10.0,0.0,149.0,0.0,0.0,Affiliate Marketing,Digital Marketing,Free,Intermediate,0.0,5.95,4.66,TC00040,Kimberly Miller,Cybersecurity,24,4.58,14.73913043478261,3.9988198757763973
CR00060,2025-01,6,0.0,0.0,2025-01,1,13.090909090909092,0.0,13.090909090909092,0.0,0.0,0.0,0.0,Content Creation,Digital Marketing,Free,Beginner,0.0,8.95,2.14,TC00042,Yolanda Levine,Machine Learning,21,4.97,15.915151515151516,4.096
CR00060,2025-02,20,0.0,0.0,2025-02,2,6.0,0.0,6.0,0.0,6.0,0.0,0.0,Content Creation,Digital Marketing,Free,Beginner,0.0,8.95,2.14,TC00042,Yolanda Levine,Machine Learning,21,4.97,15.915151515151516,4.096
CR00060,2025-03,13,0.0,0.0,2025-03,3,20.0,0.0,13.0,0.0,26.0,0.0,0.0,Content Creation,Digital Marketing,Free,Beginner,0.0,8.95,2.14,TC00042,Yolanda Levine,Machine Learning,21,4.97,15.915151515151516,4.096
CR00060,2025-04,11,0.0,0.0,2025-04,4,13.0,0.0,13.0,0.0,39.0,0.0,0.0,Content Creation,Digital Marketing,Free,Beginner,0.0,8.95,2.14,TC00042,Yolanda Levine,Machine Learning,21,4.97,15.915151515151516,4.096
CR00060,2025-05,11,0.0,0.0,2025-05,5,11.0,0.0,14.666666666666666,0.0,50.0,0.0,0.0,Content Creation,Digital Marketing,Free,Beginner,0.0,8.95,2.14,TC00042,Yolanda Levine,Machine Learning,21,4.97,15.915151515151516,4.096
CR00060,2025-06,19,0.0,0.0,2025-06,6,11.0,0.0,11.666666666666666,0.0,61.0,0.0,0.0,Content Creation,Digital Marketing,Free,Beginner,0.0,8.95,2.14,TC00042,Yolanda Levine,Machine Learning,21,4.97,15.915151515151516,4.096
CR00060,2025-07,11,0.0,0.0,2025-07,7,19.0,0.0,13.666666666666666,0.0,80.0,0.0,0.0,Content Creation,Digital Marketing,Free,Beginner,0.0,8.95,2.14,TC00042,Yolanda Levine,Machine Learning,21,4.97,15.915151515151516,4.096
CR00060,2025-08,13,0.0,0.0,2025-08,8,11.0,0.0,13.666666666666666,0.0,91.0,0.0,0.0,Content Creation,Digital Marketing,Free,Beginner,0.0,8.95,2.14,TC00042,Yolanda Levine,Machine Learning,21,4.97,15.915151515151516,4.096
CR00060,2025-09,13,0.0,0.0,2025-09,9,13.0,0.0,14.333333333333334,0.0,104.0,0.0,0.0,Content Creation,Digital Marketing,Free,Beginner,0.0,8.95,2.14,TC00042,Yolanda Levine,Machine Learning,21,4.97,15.915151515151516,4.096
CR00060,2025-10,15,0.0,0.0,2025-10,10,13.0,0.0,12.333333333333334,0.0,117.0,0.0,0.0,Content Creation,Digital Marketing,Free,Beginner,0.0,8.95,2.14,TC00042,Yolanda Levine,Machine Learning,21,4.97,15.915151515151516,4.096
CR00060,2025-11,12,0.0,0.0,2025-11,11,15.0,0.0,13.666666666666666,0.0,132.0,0.0,0.0,Content Creation,Digital Marketing,Free,Beginner,0.0,8.95,2.14,TC00042,Yolanda Levine,Machine Learning,21,4.97,15.915151515151516,4.096
CR00060,2025-12,21,0.0,0.0,2025-12,12,12.0,0.0,13.333333333333334,0.0,144.0,0.0,0.0,Content Creation,Digital Marketing,Free,Beginner,0.0,8.95,2.14,TC00042,Yolanda Levine,Machine Learning,21,4.97,15.915151515151516,4.096
